;AverageFare;Ref
0;0;0 0 1 2011
1;0;0 0 2 2011
2;0;0 0 3 2011
3;0;0 0 4 2011
4;0;0 0 1 2012
5;0;0 0 2 2012
6;0;0 0 3 2012
7;0;0 0 4 2012
8;0;0 0 1 2013
9;0;0 0 2 2013
10;0;0 0 3 2013
11;0;0 0 4 2013
12;189;0 1 1 2011
13;189;0 1 2 2011
14;189;0 1 3 2011
15;189;0 1 4 2011
16;172;0 1 1 2012
17;172;0 1 2 2012
18;172;0 1 3 2012
19;172;0 1 4 2012
20;172;0 1 1 2013
21;172;0 1 2 2013
22;189;0 1 3 2013
23;189;0 1 4 2013
24;260;0 2 1 2011
25;260;0 2 2 2011
26;260;0 2 3 2011
27;260;0 2 4 2011
28;172;0 2 1 2012
29;172;0 2 2 2012
30;172;0 2 3 2012
31;172;0 2 4 2012
32;172;0 2 1 2013
33;172;0 2 2 2013
34;260;0 2 3 2013
35;260;0 2 4 2013
36;230;0 3 1 2011
37;230;0 3 2 2011
38;230;0 3 3 2011
39;230;0 3 4 2011
40;172;0 3 1 2012
41;172;0 3 2 2012
42;172;0 3 3 2012
43;172;0 3 4 2012
44;172;0 3 1 2013
45;172;0 3 2 2013
46;230;0 3 3 2013
47;230;0 3 4 2013
48;172;0 4 1 2011
49;172;0 4 2 2011
50;172;0 4 3 2011
51;172;0 4 4 2011
52;172;0 4 1 2012
53;172;0 4 2 2012
54;172;0 4 3 2012
55;172;0 4 4 2012
56;172;0 4 1 2013
57;172;0 4 2 2013
58;172;0 4 3 2013
59;172;0 4 4 2013
60;194;0 5 1 2011
61;194;0 5 2 2011
62;194;0 5 3 2011
63;194;0 5 4 2011
64;172;0 5 1 2012
65;172;0 5 2 2012
66;172;0 5 3 2012
67;172;0 5 4 2012
68;172;0 5 1 2013
69;172;0 5 2 2013
70;194;0 5 3 2013
71;194;0 5 4 2013
72;289;0 6 1 2011
73;289;0 6 2 2011
74;289;0 6 3 2011
75;289;0 6 4 2011
76;172;0 6 1 2012
77;172;0 6 2 2012
78;172;0 6 3 2012
79;172;0 6 4 2012
80;172;0 6 1 2013
81;172;0 6 2 2013
82;289;0 6 3 2013
83;289;0 6 4 2013
84;147;0 7 1 2011
85;147;0 7 2 2011
86;147;0 7 3 2011
87;147;0 7 4 2011
88;172;0 7 1 2012
89;172;0 7 2 2012
90;172;0 7 3 2012
91;172;0 7 4 2012
92;172;0 7 1 2013
93;172;0 7 2 2013
94;147;0 7 3 2013
95;147;0 7 4 2013
96;239;0 8 1 2011
97;239;0 8 2 2011
98;239;0 8 3 2011
99;239;0 8 4 2011
100;172;0 8 1 2012
101;172;0 8 2 2012
102;172;0 8 3 2012
103;172;0 8 4 2012
104;172;0 8 1 2013
105;172;0 8 2 2013
106;239;0 8 3 2013
107;239;0 8 4 2013
108;218;0 9 1 2011
109;218;0 9 2 2011
110;218;0 9 3 2011
111;218;0 9 4 2011
112;172;0 9 1 2012
113;172;0 9 2 2012
114;172;0 9 3 2012
115;172;0 9 4 2012
116;172;0 9 1 2013
117;172;0 9 2 2013
118;218;0 9 3 2013
119;218;0 9 4 2013
120;211;0 10 1 2011
121;211;0 10 2 2011
122;211;0 10 3 2011
123;211;0 10 4 2011
124;172;0 10 1 2012
125;172;0 10 2 2012
126;172;0 10 3 2012
127;172;0 10 4 2012
128;172;0 10 1 2013
129;172;0 10 2 2013
130;211;0 10 3 2013
131;211;0 10 4 2013
132;167;0 11 1 2011
133;167;0 11 2 2011
134;167;0 11 3 2011
135;167;0 11 4 2011
136;172;0 11 1 2012
137;172;0 11 2 2012
138;172;0 11 3 2012
139;172;0 11 4 2012
140;172;0 11 1 2013
141;172;0 11 2 2013
142;167;0 11 3 2013
143;167;0 11 4 2013
144;151;0 12 1 2011
145;151;0 12 2 2011
146;151;0 12 3 2011
147;151;0 12 4 2011
148;172;0 12 1 2012
149;172;0 12 2 2012
150;172;0 12 3 2012
151;172;0 12 4 2012
152;172;0 12 1 2013
153;172;0 12 2 2013
154;151;0 12 3 2013
155;151;0 12 4 2013
156;245;0 13 1 2011
157;245;0 13 2 2011
158;245;0 13 3 2011
159;245;0 13 4 2011
160;172;0 13 1 2012
161;172;0 13 2 2012
162;172;0 13 3 2012
163;172;0 13 4 2012
164;172;0 13 1 2013
165;172;0 13 2 2013
166;245;0 13 3 2013
167;245;0 13 4 2013
168;286;0 14 1 2011
169;286;0 14 2 2011
170;286;0 14 3 2011
171;286;0 14 4 2011
172;172;0 14 1 2012
173;172;0 14 2 2012
174;172;0 14 3 2012
175;172;0 14 4 2012
176;172;0 14 1 2013
177;172;0 14 2 2013
178;286;0 14 3 2013
179;286;0 14 4 2013
180;228;0 15 1 2011
181;228;0 15 2 2011
182;228;0 15 3 2011
183;228;0 15 4 2011
184;172;0 15 1 2012
185;172;0 15 2 2012
186;172;0 15 3 2012
187;172;0 15 4 2012
188;172;0 15 1 2013
189;172;0 15 2 2013
190;228;0 15 3 2013
191;228;0 15 4 2013
192;204;0 16 1 2011
193;204;0 16 2 2011
194;204;0 16 3 2011
195;204;0 16 4 2011
196;172;0 16 1 2012
197;172;0 16 2 2012
198;172;0 16 3 2012
199;172;0 16 4 2012
200;172;0 16 1 2013
201;172;0 16 2 2013
202;204;0 16 3 2013
203;204;0 16 4 2013
204;192;0 17 1 2011
205;192;0 17 2 2011
206;192;0 17 3 2011
207;192;0 17 4 2011
208;172;0 17 1 2012
209;172;0 17 2 2012
210;172;0 17 3 2012
211;172;0 17 4 2012
212;172;0 17 1 2013
213;172;0 17 2 2013
214;192;0 17 3 2013
215;192;0 17 4 2013
216;208;0 18 1 2011
217;208;0 18 2 2011
218;208;0 18 3 2011
219;208;0 18 4 2011
220;172;0 18 1 2012
221;172;0 18 2 2012
222;172;0 18 3 2012
223;172;0 18 4 2012
224;172;0 18 1 2013
225;172;0 18 2 2013
226;208;0 18 3 2013
227;208;0 18 4 2013
228;186;0 19 1 2011
229;186;0 19 2 2011
230;186;0 19 3 2011
231;186;0 19 4 2011
232;172;0 19 1 2012
233;172;0 19 2 2012
234;172;0 19 3 2012
235;172;0 19 4 2012
236;172;0 19 1 2013
237;172;0 19 2 2013
238;186;0 19 3 2013
239;186;0 19 4 2013
240;188;1 0 1 2011
241;188;1 0 2 2011
242;188;1 0 3 2011
243;188;1 0 4 2011
244;172;1 0 1 2012
245;172;1 0 2 2012
246;172;1 0 3 2012
247;172;1 0 4 2012
248;172;1 0 1 2013
249;172;1 0 2 2013
250;188;1 0 3 2013
251;188;1 0 4 2013
252;0;1 1 1 2011
253;0;1 1 2 2011
254;0;1 1 3 2011
255;0;1 1 4 2011
256;0;1 1 1 2012
257;0;1 1 2 2012
258;0;1 1 3 2012
259;0;1 1 4 2012
260;0;1 1 1 2013
261;0;1 1 2 2013
262;0;1 1 3 2013
263;0;1 1 4 2013
264;231;1 2 1 2011
265;231;1 2 2 2011
266;231;1 2 3 2011
267;231;1 2 4 2011
268;172;1 2 1 2012
269;172;1 2 2 2012
270;172;1 2 3 2012
271;172;1 2 4 2012
272;172;1 2 1 2013
273;172;1 2 2 2013
274;231;1 2 3 2013
275;231;1 2 4 2013
276;211;1 3 1 2011
277;211;1 3 2 2011
278;211;1 3 3 2011
279;211;1 3 4 2011
280;172;1 3 1 2012
281;172;1 3 2 2012
282;172;1 3 3 2012
283;172;1 3 4 2012
284;172;1 3 1 2013
285;172;1 3 2 2013
286;211;1 3 3 2013
287;211;1 3 4 2013
288;191;1 4 1 2011
289;191;1 4 2 2011
290;191;1 4 3 2011
291;191;1 4 4 2011
292;172;1 4 1 2012
293;172;1 4 2 2012
294;172;1 4 3 2012
295;172;1 4 4 2012
296;172;1 4 1 2013
297;172;1 4 2 2013
298;191;1 4 3 2013
299;191;1 4 4 2013
300;167;1 5 1 2011
301;167;1 5 2 2011
302;167;1 5 3 2011
303;167;1 5 4 2011
304;172;1 5 1 2012
305;172;1 5 2 2012
306;172;1 5 3 2012
307;172;1 5 4 2012
308;172;1 5 1 2013
309;172;1 5 2 2013
310;167;1 5 3 2013
311;167;1 5 4 2013
312;273;1 6 1 2011
313;273;1 6 2 2011
314;273;1 6 3 2011
315;273;1 6 4 2011
316;172;1 6 1 2012
317;172;1 6 2 2012
318;172;1 6 3 2012
319;172;1 6 4 2012
320;172;1 6 1 2013
321;172;1 6 2 2013
322;273;1 6 3 2013
323;273;1 6 4 2013
324;247;1 7 1 2011
325;247;1 7 2 2011
326;247;1 7 3 2011
327;247;1 7 4 2011
328;172;1 7 1 2012
329;172;1 7 2 2012
330;172;1 7 3 2012
331;172;1 7 4 2012
332;172;1 7 1 2013
333;172;1 7 2 2013
334;247;1 7 3 2013
335;247;1 7 4 2013
336;196;1 8 1 2011
337;196;1 8 2 2011
338;196;1 8 3 2011
339;196;1 8 4 2011
340;172;1 8 1 2012
341;172;1 8 2 2012
342;172;1 8 3 2012
343;172;1 8 4 2012
344;172;1 8 1 2013
345;172;1 8 2 2013
346;196;1 8 3 2013
347;196;1 8 4 2013
348;235;1 9 1 2011
349;235;1 9 2 2011
350;235;1 9 3 2011
351;235;1 9 4 2011
352;172;1 9 1 2012
353;172;1 9 2 2012
354;172;1 9 3 2012
355;172;1 9 4 2012
356;172;1 9 1 2013
357;172;1 9 2 2013
358;235;1 9 3 2013
359;235;1 9 4 2013
360;277;1 10 1 2011
361;277;1 10 2 2011
362;277;1 10 3 2011
363;277;1 10 4 2011
364;172;1 10 1 2012
365;172;1 10 2 2012
366;172;1 10 3 2012
367;172;1 10 4 2012
368;172;1 10 1 2013
369;172;1 10 2 2013
370;277;1 10 3 2013
371;277;1 10 4 2013
372;232;1 11 1 2011
373;232;1 11 2 2011
374;232;1 11 3 2011
375;232;1 11 4 2011
376;172;1 11 1 2012
377;172;1 11 2 2012
378;172;1 11 3 2012
379;172;1 11 4 2012
380;172;1 11 1 2013
381;172;1 11 2 2013
382;232;1 11 3 2013
383;232;1 11 4 2013
384;174;1 12 1 2011
385;174;1 12 2 2011
386;174;1 12 3 2011
387;174;1 12 4 2011
388;172;1 12 1 2012
389;172;1 12 2 2012
390;172;1 12 3 2012
391;172;1 12 4 2012
392;172;1 12 1 2013
393;172;1 12 2 2013
394;174;1 12 3 2013
395;174;1 12 4 2013
396;263;1 13 1 2011
397;263;1 13 2 2011
398;263;1 13 3 2011
399;263;1 13 4 2011
400;172;1 13 1 2012
401;172;1 13 2 2012
402;172;1 13 3 2012
403;172;1 13 4 2012
404;172;1 13 1 2013
405;172;1 13 2 2013
406;263;1 13 3 2013
407;263;1 13 4 2013
408;260;1 14 1 2011
409;260;1 14 2 2011
410;260;1 14 3 2011
411;260;1 14 4 2011
412;172;1 14 1 2012
413;172;1 14 2 2012
414;172;1 14 3 2012
415;172;1 14 4 2012
416;172;1 14 1 2013
417;172;1 14 2 2013
418;260;1 14 3 2013
419;260;1 14 4 2013
420;130;1 15 1 2011
421;130;1 15 2 2011
422;130;1 15 3 2011
423;130;1 15 4 2011
424;172;1 15 1 2012
425;172;1 15 2 2012
426;172;1 15 3 2012
427;172;1 15 4 2012
428;172;1 15 1 2013
429;172;1 15 2 2013
430;130;1 15 3 2013
431;130;1 15 4 2013
432;145;1 16 1 2011
433;145;1 16 2 2011
434;145;1 16 3 2011
435;145;1 16 4 2011
436;172;1 16 1 2012
437;172;1 16 2 2012
438;172;1 16 3 2012
439;172;1 16 4 2012
440;172;1 16 1 2013
441;172;1 16 2 2013
442;145;1 16 3 2013
443;145;1 16 4 2013
444;215;1 17 1 2011
445;215;1 17 2 2011
446;215;1 17 3 2011
447;215;1 17 4 2011
448;172;1 17 1 2012
449;172;1 17 2 2012
450;172;1 17 3 2012
451;172;1 17 4 2012
452;172;1 17 1 2013
453;172;1 17 2 2013
454;215;1 17 3 2013
455;215;1 17 4 2013
456;173;1 18 1 2011
457;173;1 18 2 2011
458;173;1 18 3 2011
459;173;1 18 4 2011
460;172;1 18 1 2012
461;172;1 18 2 2012
462;172;1 18 3 2012
463;172;1 18 4 2012
464;172;1 18 1 2013
465;172;1 18 2 2013
466;173;1 18 3 2013
467;173;1 18 4 2013
468;179;1 19 1 2011
469;179;1 19 2 2011
470;179;1 19 3 2011
471;179;1 19 4 2011
472;172;1 19 1 2012
473;172;1 19 2 2012
474;172;1 19 3 2012
475;172;1 19 4 2012
476;172;1 19 1 2013
477;172;1 19 2 2013
478;179;1 19 3 2013
479;179;1 19 4 2013
480;260;2 0 1 2011
481;260;2 0 2 2011
482;260;2 0 3 2011
483;260;2 0 4 2011
484;172;2 0 1 2012
485;172;2 0 2 2012
486;172;2 0 3 2012
487;172;2 0 4 2012
488;172;2 0 1 2013
489;172;2 0 2 2013
490;260;2 0 3 2013
491;260;2 0 4 2013
492;232;2 1 1 2011
493;232;2 1 2 2011
494;232;2 1 3 2011
495;232;2 1 4 2011
496;172;2 1 1 2012
497;172;2 1 2 2012
498;172;2 1 3 2012
499;172;2 1 4 2012
500;172;2 1 1 2013
501;172;2 1 2 2013
502;232;2 1 3 2013
503;232;2 1 4 2013
504;0;2 2 1 2011
505;0;2 2 2 2011
506;0;2 2 3 2011
507;0;2 2 4 2011
508;0;2 2 1 2012
509;0;2 2 2 2012
510;0;2 2 3 2012
511;0;2 2 4 2012
512;0;2 2 1 2013
513;0;2 2 2 2013
514;0;2 2 3 2013
515;0;2 2 4 2013
516;220;2 3 1 2011
517;220;2 3 2 2011
518;220;2 3 3 2011
519;220;2 3 4 2011
520;172;2 3 1 2012
521;172;2 3 2 2012
522;172;2 3 3 2012
523;172;2 3 4 2012
524;172;2 3 1 2013
525;172;2 3 2 2013
526;220;2 3 3 2013
527;220;2 3 4 2013
528;163;2 4 1 2011
529;163;2 4 2 2011
530;163;2 4 3 2011
531;163;2 4 4 2011
532;172;2 4 1 2012
533;172;2 4 2 2012
534;172;2 4 3 2012
535;172;2 4 4 2012
536;172;2 4 1 2013
537;172;2 4 2 2013
538;163;2 4 3 2013
539;163;2 4 4 2013
540;348;2 5 1 2011
541;348;2 5 2 2011
542;348;2 5 3 2011
543;348;2 5 4 2011
544;172;2 5 1 2012
545;172;2 5 2 2012
546;172;2 5 3 2012
547;172;2 5 4 2012
548;172;2 5 1 2013
549;172;2 5 2 2013
550;348;2 5 3 2013
551;348;2 5 4 2013
552;120;2 6 1 2011
553;120;2 6 2 2011
554;120;2 6 3 2011
555;120;2 6 4 2011
556;172;2 6 1 2012
557;172;2 6 2 2012
558;172;2 6 3 2012
559;172;2 6 4 2012
560;172;2 6 1 2013
561;172;2 6 2 2013
562;120;2 6 3 2013
563;120;2 6 4 2013
564;316;2 7 1 2011
565;316;2 7 2 2011
566;316;2 7 3 2011
567;316;2 7 4 2011
568;172;2 7 1 2012
569;172;2 7 2 2012
570;172;2 7 3 2012
571;172;2 7 4 2012
572;172;2 7 1 2013
573;172;2 7 2 2013
574;316;2 7 3 2013
575;316;2 7 4 2013
576;105;2 8 1 2011
577;105;2 8 2 2011
578;105;2 8 3 2011
579;105;2 8 4 2011
580;172;2 8 1 2012
581;172;2 8 2 2012
582;172;2 8 3 2012
583;172;2 8 4 2012
584;172;2 8 1 2013
585;172;2 8 2 2013
586;105;2 8 3 2013
587;105;2 8 4 2013
588;122;2 9 1 2011
589;122;2 9 2 2011
590;122;2 9 3 2011
591;122;2 9 4 2011
592;172;2 9 1 2012
593;172;2 9 2 2012
594;172;2 9 3 2012
595;172;2 9 4 2012
596;172;2 9 1 2013
597;172;2 9 2 2013
598;122;2 9 3 2013
599;122;2 9 4 2013
600;309;2 10 1 2011
601;309;2 10 2 2011
602;309;2 10 3 2011
603;309;2 10 4 2011
604;172;2 10 1 2012
605;172;2 10 2 2012
606;172;2 10 3 2012
607;172;2 10 4 2012
608;172;2 10 1 2013
609;172;2 10 2 2013
610;309;2 10 3 2013
611;309;2 10 4 2013
612;314;2 11 1 2011
613;314;2 11 2 2011
614;314;2 11 3 2011
615;314;2 11 4 2011
616;172;2 11 1 2012
617;172;2 11 2 2012
618;172;2 11 3 2012
619;172;2 11 4 2012
620;172;2 11 1 2013
621;172;2 11 2 2013
622;314;2 11 3 2013
623;314;2 11 4 2013
624;261;2 12 1 2011
625;261;2 12 2 2011
626;261;2 12 3 2011
627;261;2 12 4 2011
628;172;2 12 1 2012
629;172;2 12 2 2012
630;172;2 12 3 2012
631;172;2 12 4 2012
632;172;2 12 1 2013
633;172;2 12 2 2013
634;261;2 12 3 2013
635;261;2 12 4 2013
636;379;2 13 1 2011
637;379;2 13 2 2011
638;379;2 13 3 2011
639;379;2 13 4 2011
640;172;2 13 1 2012
641;172;2 13 2 2012
642;172;2 13 3 2012
643;172;2 13 4 2012
644;172;2 13 1 2013
645;172;2 13 2 2013
646;379;2 13 3 2013
647;379;2 13 4 2013
648;173;2 14 1 2011
649;173;2 14 2 2011
650;173;2 14 3 2011
651;173;2 14 4 2011
652;172;2 14 1 2012
653;172;2 14 2 2012
654;172;2 14 3 2012
655;172;2 14 4 2012
656;172;2 14 1 2013
657;172;2 14 2 2013
658;173;2 14 3 2013
659;173;2 14 4 2013
660;267;2 15 1 2011
661;267;2 15 2 2011
662;267;2 15 3 2011
663;267;2 15 4 2011
664;172;2 15 1 2012
665;172;2 15 2 2012
666;172;2 15 3 2012
667;172;2 15 4 2012
668;172;2 15 1 2013
669;172;2 15 2 2013
670;267;2 15 3 2013
671;267;2 15 4 2013
672;285;2 16 1 2011
673;285;2 16 2 2011
674;285;2 16 3 2011
675;285;2 16 4 2011
676;172;2 16 1 2012
677;172;2 16 2 2012
678;172;2 16 3 2012
679;172;2 16 4 2012
680;172;2 16 1 2013
681;172;2 16 2 2013
682;285;2 16 3 2013
683;285;2 16 4 2013
684;266;2 17 1 2011
685;266;2 17 2 2011
686;266;2 17 3 2011
687;266;2 17 4 2011
688;172;2 17 1 2012
689;172;2 17 2 2012
690;172;2 17 3 2012
691;172;2 17 4 2012
692;172;2 17 1 2013
693;172;2 17 2 2013
694;266;2 17 3 2013
695;266;2 17 4 2013
696;293;2 18 1 2011
697;293;2 18 2 2011
698;293;2 18 3 2011
699;293;2 18 4 2011
700;172;2 18 1 2012
701;172;2 18 2 2012
702;172;2 18 3 2012
703;172;2 18 4 2012
704;172;2 18 1 2013
705;172;2 18 2 2013
706;293;2 18 3 2013
707;293;2 18 4 2013
708;287;2 19 1 2011
709;287;2 19 2 2011
710;287;2 19 3 2011
711;287;2 19 4 2011
712;172;2 19 1 2012
713;172;2 19 2 2012
714;172;2 19 3 2012
715;172;2 19 4 2012
716;172;2 19 1 2013
717;172;2 19 2 2013
718;287;2 19 3 2013
719;287;2 19 4 2013
720;230;3 0 1 2011
721;230;3 0 2 2011
722;230;3 0 3 2011
723;230;3 0 4 2011
724;172;3 0 1 2012
725;172;3 0 2 2012
726;172;3 0 3 2012
727;172;3 0 4 2012
728;172;3 0 1 2013
729;172;3 0 2 2013
730;230;3 0 3 2013
731;230;3 0 4 2013
732;213;3 1 1 2011
733;213;3 1 2 2011
734;213;3 1 3 2011
735;213;3 1 4 2011
736;172;3 1 1 2012
737;172;3 1 2 2012
738;172;3 1 3 2012
739;172;3 1 4 2012
740;172;3 1 1 2013
741;172;3 1 2 2013
742;213;3 1 3 2013
743;213;3 1 4 2013
744;219;3 2 1 2011
745;219;3 2 2 2011
746;219;3 2 3 2011
747;219;3 2 4 2011
748;172;3 2 1 2012
749;172;3 2 2 2012
750;172;3 2 3 2012
751;172;3 2 4 2012
752;172;3 2 1 2013
753;172;3 2 2 2013
754;219;3 2 3 2013
755;219;3 2 4 2013
756;0;3 3 1 2011
757;0;3 3 2 2011
758;0;3 3 3 2011
759;0;3 3 4 2011
760;0;3 3 1 2012
761;0;3 3 2 2012
762;0;3 3 3 2012
763;0;3 3 4 2012
764;0;3 3 1 2013
765;0;3 3 2 2013
766;0;3 3 3 2013
767;0;3 3 4 2013
768;150;3 4 1 2011
769;150;3 4 2 2011
770;150;3 4 3 2011
771;150;3 4 4 2011
772;172;3 4 1 2012
773;172;3 4 2 2012
774;172;3 4 3 2012
775;172;3 4 4 2012
776;172;3 4 1 2013
777;172;3 4 2 2013
778;150;3 4 3 2013
779;150;3 4 4 2013
780;287;3 5 1 2011
781;287;3 5 2 2011
782;287;3 5 3 2011
783;287;3 5 4 2011
784;172;3 5 1 2012
785;172;3 5 2 2012
786;172;3 5 3 2012
787;172;3 5 4 2012
788;172;3 5 1 2013
789;172;3 5 2 2013
790;287;3 5 3 2013
791;287;3 5 4 2013
792;228;3 6 1 2011
793;228;3 6 2 2011
794;228;3 6 3 2011
795;228;3 6 4 2011
796;172;3 6 1 2012
797;172;3 6 2 2012
798;172;3 6 3 2012
799;172;3 6 4 2012
800;172;3 6 1 2013
801;172;3 6 2 2013
802;228;3 6 3 2013
803;228;3 6 4 2013
804;293;3 7 1 2011
805;293;3 7 2 2011
806;293;3 7 3 2011
807;293;3 7 4 2011
808;172;3 7 1 2012
809;172;3 7 2 2012
810;172;3 7 3 2012
811;172;3 7 4 2012
812;172;3 7 1 2013
813;172;3 7 2 2013
814;293;3 7 3 2013
815;293;3 7 4 2013
816;183;3 8 1 2011
817;183;3 8 2 2011
818;183;3 8 3 2011
819;183;3 8 4 2011
820;172;3 8 1 2012
821;172;3 8 2 2012
822;172;3 8 3 2012
823;172;3 8 4 2012
824;172;3 8 1 2013
825;172;3 8 2 2013
826;183;3 8 3 2013
827;183;3 8 4 2013
828;223;3 9 1 2011
829;223;3 9 2 2011
830;223;3 9 3 2011
831;223;3 9 4 2011
832;172;3 9 1 2012
833;172;3 9 2 2012
834;172;3 9 3 2012
835;172;3 9 4 2012
836;172;3 9 1 2013
837;172;3 9 2 2013
838;223;3 9 3 2013
839;223;3 9 4 2013
840;145;3 10 1 2011
841;145;3 10 2 2011
842;145;3 10 3 2011
843;145;3 10 4 2011
844;172;3 10 1 2012
845;172;3 10 2 2012
846;172;3 10 3 2012
847;172;3 10 4 2012
848;172;3 10 1 2013
849;172;3 10 2 2013
850;145;3 10 3 2013
851;145;3 10 4 2013
852;258;3 11 1 2011
853;258;3 11 2 2011
854;258;3 11 3 2011
855;258;3 11 4 2011
856;172;3 11 1 2012
857;172;3 11 2 2012
858;172;3 11 3 2012
859;172;3 11 4 2012
860;172;3 11 1 2013
861;172;3 11 2 2013
862;258;3 11 3 2013
863;258;3 11 4 2013
864;208;3 12 1 2011
865;208;3 12 2 2011
866;208;3 12 3 2011
867;208;3 12 4 2011
868;172;3 12 1 2012
869;172;3 12 2 2012
870;172;3 12 3 2012
871;172;3 12 4 2012
872;172;3 12 1 2013
873;172;3 12 2 2013
874;208;3 12 3 2013
875;208;3 12 4 2013
876;363;3 13 1 2011
877;363;3 13 2 2011
878;363;3 13 3 2011
879;363;3 13 4 2011
880;172;3 13 1 2012
881;172;3 13 2 2012
882;172;3 13 3 2012
883;172;3 13 4 2012
884;172;3 13 1 2013
885;172;3 13 2 2013
886;363;3 13 3 2013
887;363;3 13 4 2013
888;255;3 14 1 2011
889;255;3 14 2 2011
890;255;3 14 3 2011
891;255;3 14 4 2011
892;172;3 14 1 2012
893;172;3 14 2 2012
894;172;3 14 3 2012
895;172;3 14 4 2012
896;172;3 14 1 2013
897;172;3 14 2 2013
898;255;3 14 3 2013
899;255;3 14 4 2013
900;236;3 15 1 2011
901;236;3 15 2 2011
902;236;3 15 3 2011
903;236;3 15 4 2011
904;172;3 15 1 2012
905;172;3 15 2 2012
906;172;3 15 3 2012
907;172;3 15 4 2012
908;172;3 15 1 2013
909;172;3 15 2 2013
910;236;3 15 3 2013
911;236;3 15 4 2013
912;244;3 16 1 2011
913;244;3 16 2 2011
914;244;3 16 3 2011
915;244;3 16 4 2011
916;172;3 16 1 2012
917;172;3 16 2 2012
918;172;3 16 3 2012
919;172;3 16 4 2012
920;172;3 16 1 2013
921;172;3 16 2 2013
922;244;3 16 3 2013
923;244;3 16 4 2013
924;259;3 17 1 2011
925;259;3 17 2 2011
926;259;3 17 3 2011
927;259;3 17 4 2011
928;172;3 17 1 2012
929;172;3 17 2 2012
930;172;3 17 3 2012
931;172;3 17 4 2012
932;172;3 17 1 2013
933;172;3 17 2 2013
934;259;3 17 3 2013
935;259;3 17 4 2013
936;243;3 18 1 2011
937;243;3 18 2 2011
938;243;3 18 3 2011
939;243;3 18 4 2011
940;172;3 18 1 2012
941;172;3 18 2 2012
942;172;3 18 3 2012
943;172;3 18 4 2012
944;172;3 18 1 2013
945;172;3 18 2 2013
946;243;3 18 3 2013
947;243;3 18 4 2013
948;344;3 19 1 2011
949;344;3 19 2 2011
950;344;3 19 3 2011
951;344;3 19 4 2011
952;172;3 19 1 2012
953;172;3 19 2 2012
954;172;3 19 3 2012
955;172;3 19 4 2012
956;172;3 19 1 2013
957;172;3 19 2 2013
958;344;3 19 3 2013
959;344;3 19 4 2013
960;170;4 0 1 2011
961;170;4 0 2 2011
962;170;4 0 3 2011
963;170;4 0 4 2011
964;172;4 0 1 2012
965;172;4 0 2 2012
966;172;4 0 3 2012
967;172;4 0 4 2012
968;172;4 0 1 2013
969;172;4 0 2 2013
970;170;4 0 3 2013
971;170;4 0 4 2013
972;191;4 1 1 2011
973;191;4 1 2 2011
974;191;4 1 3 2011
975;191;4 1 4 2011
976;172;4 1 1 2012
977;172;4 1 2 2012
978;172;4 1 3 2012
979;172;4 1 4 2012
980;172;4 1 1 2013
981;172;4 1 2 2013
982;191;4 1 3 2013
983;191;4 1 4 2013
984;163;4 2 1 2011
985;163;4 2 2 2011
986;163;4 2 3 2011
987;163;4 2 4 2011
988;172;4 2 1 2012
989;172;4 2 2 2012
990;172;4 2 3 2012
991;172;4 2 4 2012
992;172;4 2 1 2013
993;172;4 2 2 2013
994;163;4 2 3 2013
995;163;4 2 4 2013
996;149;4 3 1 2011
997;149;4 3 2 2011
998;149;4 3 3 2011
999;149;4 3 4 2011
1000;172;4 3 1 2012
1001;172;4 3 2 2012
1002;172;4 3 3 2012
1003;172;4 3 4 2012
1004;172;4 3 1 2013
1005;172;4 3 2 2013
1006;149;4 3 3 2013
1007;149;4 3 4 2013
1008;0;4 4 1 2011
1009;0;4 4 2 2011
1010;0;4 4 3 2011
1011;0;4 4 4 2011
1012;0;4 4 1 2012
1013;0;4 4 2 2012
1014;0;4 4 3 2012
1015;0;4 4 4 2012
1016;0;4 4 1 2013
1017;0;4 4 2 2013
1018;0;4 4 3 2013
1019;0;4 4 4 2013
1020;186;4 5 1 2011
1021;186;4 5 2 2011
1022;186;4 5 3 2011
1023;186;4 5 4 2011
1024;172;4 5 1 2012
1025;172;4 5 2 2012
1026;172;4 5 3 2012
1027;172;4 5 4 2012
1028;172;4 5 1 2013
1029;172;4 5 2 2013
1030;186;4 5 3 2013
1031;186;4 5 4 2013
1032;190;4 6 1 2011
1033;190;4 6 2 2011
1034;190;4 6 3 2011
1035;190;4 6 4 2011
1036;172;4 6 1 2012
1037;172;4 6 2 2012
1038;172;4 6 3 2012
1039;172;4 6 4 2012
1040;172;4 6 1 2013
1041;172;4 6 2 2013
1042;190;4 6 3 2013
1043;190;4 6 4 2013
1044;284;4 7 1 2011
1045;284;4 7 2 2011
1046;284;4 7 3 2011
1047;284;4 7 4 2011
1048;172;4 7 1 2012
1049;172;4 7 2 2012
1050;172;4 7 3 2012
1051;172;4 7 4 2012
1052;172;4 7 1 2013
1053;172;4 7 2 2013
1054;284;4 7 3 2013
1055;284;4 7 4 2013
1056;124;4 8 1 2011
1057;124;4 8 2 2011
1058;124;4 8 3 2011
1059;124;4 8 4 2011
1060;172;4 8 1 2012
1061;172;4 8 2 2012
1062;172;4 8 3 2012
1063;172;4 8 4 2012
1064;172;4 8 1 2013
1065;172;4 8 2 2013
1066;124;4 8 3 2013
1067;124;4 8 4 2013
1068;133;4 9 1 2011
1069;133;4 9 2 2011
1070;133;4 9 3 2011
1071;133;4 9 4 2011
1072;172;4 9 1 2012
1073;172;4 9 2 2012
1074;172;4 9 3 2012
1075;172;4 9 4 2012
1076;172;4 9 1 2013
1077;172;4 9 2 2013
1078;133;4 9 3 2013
1079;133;4 9 4 2013
1080;227;4 10 1 2011
1081;227;4 10 2 2011
1082;227;4 10 3 2011
1083;227;4 10 4 2011
1084;172;4 10 1 2012
1085;172;4 10 2 2012
1086;172;4 10 3 2012
1087;172;4 10 4 2012
1088;172;4 10 1 2013
1089;172;4 10 2 2013
1090;227;4 10 3 2013
1091;227;4 10 4 2013
1092;244;4 11 1 2011
1093;244;4 11 2 2011
1094;244;4 11 3 2011
1095;244;4 11 4 2011
1096;172;4 11 1 2012
1097;172;4 11 2 2012
1098;172;4 11 3 2012
1099;172;4 11 4 2012
1100;172;4 11 1 2013
1101;172;4 11 2 2013
1102;244;4 11 3 2013
1103;244;4 11 4 2013
1104;209;4 12 1 2011
1105;209;4 12 2 2011
1106;209;4 12 3 2011
1107;209;4 12 4 2011
1108;172;4 12 1 2012
1109;172;4 12 2 2012
1110;172;4 12 3 2012
1111;172;4 12 4 2012
1112;172;4 12 1 2013
1113;172;4 12 2 2013
1114;209;4 12 3 2013
1115;209;4 12 4 2013
1116;239;4 13 1 2011
1117;239;4 13 2 2011
1118;239;4 13 3 2011
1119;239;4 13 4 2011
1120;172;4 13 1 2012
1121;172;4 13 2 2012
1122;172;4 13 3 2012
1123;172;4 13 4 2012
1124;172;4 13 1 2013
1125;172;4 13 2 2013
1126;239;4 13 3 2013
1127;239;4 13 4 2013
1128;172;4 14 1 2011
1129;172;4 14 2 2011
1130;172;4 14 3 2011
1131;172;4 14 4 2011
1132;172;4 14 1 2012
1133;172;4 14 2 2012
1134;172;4 14 3 2012
1135;172;4 14 4 2012
1136;172;4 14 1 2013
1137;172;4 14 2 2013
1138;172;4 14 3 2013
1139;172;4 14 4 2013
1140;139;4 15 1 2011
1141;139;4 15 2 2011
1142;139;4 15 3 2011
1143;139;4 15 4 2011
1144;172;4 15 1 2012
1145;172;4 15 2 2012
1146;172;4 15 3 2012
1147;172;4 15 4 2012
1148;172;4 15 1 2013
1149;172;4 15 2 2013
1150;139;4 15 3 2013
1151;139;4 15 4 2013
1152;184;4 16 1 2011
1153;184;4 16 2 2011
1154;184;4 16 3 2011
1155;184;4 16 4 2011
1156;172;4 16 1 2012
1157;172;4 16 2 2012
1158;172;4 16 3 2012
1159;172;4 16 4 2012
1160;172;4 16 1 2013
1161;172;4 16 2 2013
1162;184;4 16 3 2013
1163;184;4 16 4 2013
1164;223;4 17 1 2011
1165;223;4 17 2 2011
1166;223;4 17 3 2011
1167;223;4 17 4 2011
1168;172;4 17 1 2012
1169;172;4 17 2 2012
1170;172;4 17 3 2012
1171;172;4 17 4 2012
1172;172;4 17 1 2013
1173;172;4 17 2 2013
1174;223;4 17 3 2013
1175;223;4 17 4 2013
1176;229;4 18 1 2011
1177;229;4 18 2 2011
1178;229;4 18 3 2011
1179;229;4 18 4 2011
1180;172;4 18 1 2012
1181;172;4 18 2 2012
1182;172;4 18 3 2012
1183;172;4 18 4 2012
1184;172;4 18 1 2013
1185;172;4 18 2 2013
1186;229;4 18 3 2013
1187;229;4 18 4 2013
1188;201;4 19 1 2011
1189;201;4 19 2 2011
1190;201;4 19 3 2011
1191;201;4 19 4 2011
1192;172;4 19 1 2012
1193;172;4 19 2 2012
1194;172;4 19 3 2012
1195;172;4 19 4 2012
1196;172;4 19 1 2013
1197;172;4 19 2 2013
1198;201;4 19 3 2013
1199;201;4 19 4 2013
1200;192;5 0 1 2011
1201;192;5 0 2 2011
1202;192;5 0 3 2011
1203;192;5 0 4 2011
1204;172;5 0 1 2012
1205;172;5 0 2 2012
1206;172;5 0 3 2012
1207;172;5 0 4 2012
1208;172;5 0 1 2013
1209;172;5 0 2 2013
1210;192;5 0 3 2013
1211;192;5 0 4 2013
1212;169;5 1 1 2011
1213;169;5 1 2 2011
1214;169;5 1 3 2011
1215;169;5 1 4 2011
1216;172;5 1 1 2012
1217;172;5 1 2 2012
1218;172;5 1 3 2012
1219;172;5 1 4 2012
1220;172;5 1 1 2013
1221;172;5 1 2 2013
1222;169;5 1 3 2013
1223;169;5 1 4 2013
1224;347;5 2 1 2011
1225;347;5 2 2 2011
1226;347;5 2 3 2011
1227;347;5 2 4 2011
1228;172;5 2 1 2012
1229;172;5 2 2 2012
1230;172;5 2 3 2012
1231;172;5 2 4 2012
1232;172;5 2 1 2013
1233;172;5 2 2 2013
1234;347;5 2 3 2013
1235;347;5 2 4 2013
1236;304;5 3 1 2011
1237;304;5 3 2 2011
1238;304;5 3 3 2011
1239;304;5 3 4 2011
1240;172;5 3 1 2012
1241;172;5 3 2 2012
1242;172;5 3 3 2012
1243;172;5 3 4 2012
1244;172;5 3 1 2013
1245;172;5 3 2 2013
1246;304;5 3 3 2013
1247;304;5 3 4 2013
1248;189;5 4 1 2011
1249;189;5 4 2 2011
1250;189;5 4 3 2011
1251;189;5 4 4 2011
1252;172;5 4 1 2012
1253;172;5 4 2 2012
1254;172;5 4 3 2012
1255;172;5 4 4 2012
1256;172;5 4 1 2013
1257;172;5 4 2 2013
1258;189;5 4 3 2013
1259;189;5 4 4 2013
1260;0;5 5 1 2011
1261;0;5 5 2 2011
1262;0;5 5 3 2011
1263;0;5 5 4 2011
1264;0;5 5 1 2012
1265;0;5 5 2 2012
1266;0;5 5 3 2012
1267;0;5 5 4 2012
1268;0;5 5 1 2013
1269;0;5 5 2 2013
1270;0;5 5 3 2013
1271;0;5 5 4 2013
1272;359;5 6 1 2011
1273;359;5 6 2 2011
1274;359;5 6 3 2011
1275;359;5 6 4 2011
1276;172;5 6 1 2012
1277;172;5 6 2 2012
1278;172;5 6 3 2012
1279;172;5 6 4 2012
1280;172;5 6 1 2013
1281;172;5 6 2 2013
1282;359;5 6 3 2013
1283;359;5 6 4 2013
1284;135;5 7 1 2011
1285;135;5 7 2 2011
1286;135;5 7 3 2011
1287;135;5 7 4 2011
1288;172;5 7 1 2012
1289;172;5 7 2 2012
1290;172;5 7 3 2012
1291;172;5 7 4 2012
1292;172;5 7 1 2013
1293;172;5 7 2 2013
1294;135;5 7 3 2013
1295;135;5 7 4 2013
1296;280;5 8 1 2011
1297;280;5 8 2 2011
1298;280;5 8 3 2011
1299;280;5 8 4 2011
1300;172;5 8 1 2012
1301;172;5 8 2 2012
1302;172;5 8 3 2012
1303;172;5 8 4 2012
1304;172;5 8 1 2013
1305;172;5 8 2 2013
1306;280;5 8 3 2013
1307;280;5 8 4 2013
1308;238;5 9 1 2011
1309;238;5 9 2 2011
1310;238;5 9 3 2011
1311;238;5 9 4 2011
1312;172;5 9 1 2012
1313;172;5 9 2 2012
1314;172;5 9 3 2012
1315;172;5 9 4 2012
1316;172;5 9 1 2013
1317;172;5 9 2 2013
1318;238;5 9 3 2013
1319;238;5 9 4 2013
1320;250;5 10 1 2011
1321;250;5 10 2 2011
1322;250;5 10 3 2011
1323;250;5 10 4 2011
1324;172;5 10 1 2012
1325;172;5 10 2 2012
1326;172;5 10 3 2012
1327;172;5 10 4 2012
1328;172;5 10 1 2013
1329;172;5 10 2 2013
1330;250;5 10 3 2013
1331;250;5 10 4 2013
1332;186;5 11 1 2011
1333;186;5 11 2 2011
1334;186;5 11 3 2011
1335;186;5 11 4 2011
1336;172;5 11 1 2012
1337;172;5 11 2 2012
1338;172;5 11 3 2012
1339;172;5 11 4 2012
1340;172;5 11 1 2013
1341;172;5 11 2 2013
1342;186;5 11 3 2013
1343;186;5 11 4 2013
1344;160;5 12 1 2011
1345;160;5 12 2 2011
1346;160;5 12 3 2011
1347;160;5 12 4 2011
1348;172;5 12 1 2012
1349;172;5 12 2 2012
1350;172;5 12 3 2012
1351;172;5 12 4 2012
1352;172;5 12 1 2013
1353;172;5 12 2 2013
1354;160;5 12 3 2013
1355;160;5 12 4 2013
1356;0;5 13 1 2011
1357;0;5 13 2 2011
1358;0;5 13 3 2011
1359;0;5 13 4 2011
1360;0;5 13 1 2012
1361;0;5 13 2 2012
1362;0;5 13 3 2012
1363;0;5 13 4 2012
1364;0;5 13 1 2013
1365;0;5 13 2 2013
1366;0;5 13 3 2013
1367;0;5 13 4 2013
1368;275;5 14 1 2011
1369;275;5 14 2 2011
1370;275;5 14 3 2011
1371;275;5 14 4 2011
1372;172;5 14 1 2012
1373;172;5 14 2 2012
1374;172;5 14 3 2012
1375;172;5 14 4 2012
1376;172;5 14 1 2013
1377;172;5 14 2 2013
1378;275;5 14 3 2013
1379;275;5 14 4 2013
1380;219;5 15 1 2011
1381;219;5 15 2 2011
1382;219;5 15 3 2011
1383;219;5 15 4 2011
1384;172;5 15 1 2012
1385;172;5 15 2 2012
1386;172;5 15 3 2012
1387;172;5 15 4 2012
1388;172;5 15 1 2013
1389;172;5 15 2 2013
1390;219;5 15 3 2013
1391;219;5 15 4 2013
1392;222;5 16 1 2011
1393;222;5 16 2 2011
1394;222;5 16 3 2011
1395;222;5 16 4 2011
1396;172;5 16 1 2012
1397;172;5 16 2 2012
1398;172;5 16 3 2012
1399;172;5 16 4 2012
1400;172;5 16 1 2013
1401;172;5 16 2 2013
1402;222;5 16 3 2013
1403;222;5 16 4 2013
1404;333;5 17 1 2011
1405;333;5 17 2 2011
1406;333;5 17 3 2011
1407;333;5 17 4 2011
1408;172;5 17 1 2012
1409;172;5 17 2 2012
1410;172;5 17 3 2012
1411;172;5 17 4 2012
1412;172;5 17 1 2013
1413;172;5 17 2 2013
1414;333;5 17 3 2013
1415;333;5 17 4 2013
1416;139;5 18 1 2011
1417;139;5 18 2 2011
1418;139;5 18 3 2011
1419;139;5 18 4 2011
1420;172;5 18 1 2012
1421;172;5 18 2 2012
1422;172;5 18 3 2012
1423;172;5 18 4 2012
1424;172;5 18 1 2013
1425;172;5 18 2 2013
1426;139;5 18 3 2013
1427;139;5 18 4 2013
1428;0;5 19 1 2011
1429;0;5 19 2 2011
1430;0;5 19 3 2011
1431;0;5 19 4 2011
1432;0;5 19 1 2012
1433;0;5 19 2 2012
1434;0;5 19 3 2012
1435;0;5 19 4 2012
1436;0;5 19 1 2013
1437;0;5 19 2 2013
1438;0;5 19 3 2013
1439;0;5 19 4 2013
1440;289;6 0 1 2011
1441;289;6 0 2 2011
1442;289;6 0 3 2011
1443;289;6 0 4 2011
1444;172;6 0 1 2012
1445;172;6 0 2 2012
1446;172;6 0 3 2012
1447;172;6 0 4 2012
1448;172;6 0 1 2013
1449;172;6 0 2 2013
1450;289;6 0 3 2013
1451;289;6 0 4 2013
1452;272;6 1 1 2011
1453;272;6 1 2 2011
1454;272;6 1 3 2011
1455;272;6 1 4 2011
1456;172;6 1 1 2012
1457;172;6 1 2 2012
1458;172;6 1 3 2012
1459;172;6 1 4 2012
1460;172;6 1 1 2013
1461;172;6 1 2 2013
1462;272;6 1 3 2013
1463;272;6 1 4 2013
1464;120;6 2 1 2011
1465;120;6 2 2 2011
1466;120;6 2 3 2011
1467;120;6 2 4 2011
1468;172;6 2 1 2012
1469;172;6 2 2 2012
1470;172;6 2 3 2012
1471;172;6 2 4 2012
1472;172;6 2 1 2013
1473;172;6 2 2 2013
1474;120;6 2 3 2013
1475;120;6 2 4 2013
1476;229;6 3 1 2011
1477;229;6 3 2 2011
1478;229;6 3 3 2011
1479;229;6 3 4 2011
1480;172;6 3 1 2012
1481;172;6 3 2 2012
1482;172;6 3 3 2012
1483;172;6 3 4 2012
1484;172;6 3 1 2013
1485;172;6 3 2 2013
1486;229;6 3 3 2013
1487;229;6 3 4 2013
1488;192;6 4 1 2011
1489;192;6 4 2 2011
1490;192;6 4 3 2011
1491;192;6 4 4 2011
1492;172;6 4 1 2012
1493;172;6 4 2 2012
1494;172;6 4 3 2012
1495;172;6 4 4 2012
1496;172;6 4 1 2013
1497;172;6 4 2 2013
1498;192;6 4 3 2013
1499;192;6 4 4 2013
1500;358;6 5 1 2011
1501;358;6 5 2 2011
1502;358;6 5 3 2011
1503;358;6 5 4 2011
1504;172;6 5 1 2012
1505;172;6 5 2 2012
1506;172;6 5 3 2012
1507;172;6 5 4 2012
1508;172;6 5 1 2013
1509;172;6 5 2 2013
1510;358;6 5 3 2013
1511;358;6 5 4 2013
1512;0;6 6 1 2011
1513;0;6 6 2 2011
1514;0;6 6 3 2011
1515;0;6 6 4 2011
1516;0;6 6 1 2012
1517;0;6 6 2 2012
1518;0;6 6 3 2012
1519;0;6 6 4 2012
1520;0;6 6 1 2013
1521;0;6 6 2 2013
1522;0;6 6 3 2013
1523;0;6 6 4 2013
1524;351;6 7 1 2011
1525;351;6 7 2 2011
1526;351;6 7 3 2011
1527;351;6 7 4 2011
1528;172;6 7 1 2012
1529;172;6 7 2 2012
1530;172;6 7 3 2012
1531;172;6 7 4 2012
1532;172;6 7 1 2013
1533;172;6 7 2 2013
1534;351;6 7 3 2013
1535;351;6 7 4 2013
1536;130;6 8 1 2011
1537;130;6 8 2 2011
1538;130;6 8 3 2011
1539;130;6 8 4 2011
1540;172;6 8 1 2012
1541;172;6 8 2 2012
1542;172;6 8 3 2012
1543;172;6 8 4 2012
1544;172;6 8 1 2013
1545;172;6 8 2 2013
1546;130;6 8 3 2013
1547;130;6 8 4 2013
1548;174;6 9 1 2011
1549;174;6 9 2 2011
1550;174;6 9 3 2011
1551;174;6 9 4 2011
1552;172;6 9 1 2012
1553;172;6 9 2 2012
1554;172;6 9 3 2012
1555;172;6 9 4 2012
1556;172;6 9 1 2013
1557;172;6 9 2 2013
1558;174;6 9 3 2013
1559;174;6 9 4 2013
1560;363;6 10 1 2011
1561;363;6 10 2 2011
1562;363;6 10 3 2011
1563;363;6 10 4 2011
1564;172;6 10 1 2012
1565;172;6 10 2 2012
1566;172;6 10 3 2012
1567;172;6 10 4 2012
1568;172;6 10 1 2013
1569;172;6 10 2 2013
1570;363;6 10 3 2013
1571;363;6 10 4 2013
1572;308;6 11 1 2011
1573;308;6 11 2 2011
1574;308;6 11 3 2011
1575;308;6 11 4 2011
1576;172;6 11 1 2012
1577;172;6 11 2 2012
1578;172;6 11 3 2012
1579;172;6 11 4 2012
1580;172;6 11 1 2013
1581;172;6 11 2 2013
1582;308;6 11 3 2013
1583;308;6 11 4 2013
1584;287;6 12 1 2011
1585;287;6 12 2 2011
1586;287;6 12 3 2011
1587;287;6 12 4 2011
1588;172;6 12 1 2012
1589;172;6 12 2 2012
1590;172;6 12 3 2012
1591;172;6 12 4 2012
1592;172;6 12 1 2013
1593;172;6 12 2 2013
1594;287;6 12 3 2013
1595;287;6 12 4 2013
1596;409;6 13 1 2011
1597;409;6 13 2 2011
1598;409;6 13 3 2011
1599;409;6 13 4 2011
1600;172;6 13 1 2012
1601;172;6 13 2 2012
1602;172;6 13 3 2012
1603;172;6 13 4 2012
1604;172;6 13 1 2013
1605;172;6 13 2 2013
1606;409;6 13 3 2013
1607;409;6 13 4 2013
1608;164;6 14 1 2011
1609;164;6 14 2 2011
1610;164;6 14 3 2011
1611;164;6 14 4 2011
1612;172;6 14 1 2012
1613;172;6 14 2 2012
1614;172;6 14 3 2012
1615;172;6 14 4 2012
1616;172;6 14 1 2013
1617;172;6 14 2 2013
1618;164;6 14 3 2013
1619;164;6 14 4 2013
1620;296;6 15 1 2011
1621;296;6 15 2 2011
1622;296;6 15 3 2011
1623;296;6 15 4 2011
1624;172;6 15 1 2012
1625;172;6 15 2 2012
1626;172;6 15 3 2012
1627;172;6 15 4 2012
1628;172;6 15 1 2013
1629;172;6 15 2 2013
1630;296;6 15 3 2013
1631;296;6 15 4 2013
1632;328;6 16 1 2011
1633;328;6 16 2 2011
1634;328;6 16 3 2011
1635;328;6 16 4 2011
1636;172;6 16 1 2012
1637;172;6 16 2 2012
1638;172;6 16 3 2012
1639;172;6 16 4 2012
1640;172;6 16 1 2013
1641;172;6 16 2 2013
1642;328;6 16 3 2013
1643;328;6 16 4 2013
1644;300;6 17 1 2011
1645;300;6 17 2 2011
1646;300;6 17 3 2011
1647;300;6 17 4 2011
1648;172;6 17 1 2012
1649;172;6 17 2 2012
1650;172;6 17 3 2012
1651;172;6 17 4 2012
1652;172;6 17 1 2013
1653;172;6 17 2 2013
1654;300;6 17 3 2013
1655;300;6 17 4 2013
1656;332;6 18 1 2011
1657;332;6 18 2 2011
1658;332;6 18 3 2011
1659;332;6 18 4 2011
1660;172;6 18 1 2012
1661;172;6 18 2 2012
1662;172;6 18 3 2012
1663;172;6 18 4 2012
1664;172;6 18 1 2013
1665;172;6 18 2 2013
1666;332;6 18 3 2013
1667;332;6 18 4 2013
1668;305;6 19 1 2011
1669;305;6 19 2 2011
1670;305;6 19 3 2011
1671;305;6 19 4 2011
1672;172;6 19 1 2012
1673;172;6 19 2 2012
1674;172;6 19 3 2012
1675;172;6 19 4 2012
1676;172;6 19 1 2013
1677;172;6 19 2 2013
1678;305;6 19 3 2013
1679;305;6 19 4 2013
1680;145;7 0 1 2011
1681;145;7 0 2 2011
1682;145;7 0 3 2011
1683;145;7 0 4 2011
1684;172;7 0 1 2012
1685;172;7 0 2 2012
1686;172;7 0 3 2012
1687;172;7 0 4 2012
1688;172;7 0 1 2013
1689;172;7 0 2 2013
1690;145;7 0 3 2013
1691;145;7 0 4 2013
1692;245;7 1 1 2011
1693;245;7 1 2 2011
1694;245;7 1 3 2011
1695;245;7 1 4 2011
1696;172;7 1 1 2012
1697;172;7 1 2 2012
1698;172;7 1 3 2012
1699;172;7 1 4 2012
1700;172;7 1 1 2013
1701;172;7 1 2 2013
1702;245;7 1 3 2013
1703;245;7 1 4 2013
1704;317;7 2 1 2011
1705;317;7 2 2 2011
1706;317;7 2 3 2011
1707;317;7 2 4 2011
1708;172;7 2 1 2012
1709;172;7 2 2 2012
1710;172;7 2 3 2012
1711;172;7 2 4 2012
1712;172;7 2 1 2013
1713;172;7 2 2 2013
1714;317;7 2 3 2013
1715;317;7 2 4 2013
1716;292;7 3 1 2011
1717;292;7 3 2 2011
1718;292;7 3 3 2011
1719;292;7 3 4 2011
1720;172;7 3 1 2012
1721;172;7 3 2 2012
1722;172;7 3 3 2012
1723;172;7 3 4 2012
1724;172;7 3 1 2013
1725;172;7 3 2 2013
1726;292;7 3 3 2013
1727;292;7 3 4 2013
1728;289;7 4 1 2011
1729;289;7 4 2 2011
1730;289;7 4 3 2011
1731;289;7 4 4 2011
1732;172;7 4 1 2012
1733;172;7 4 2 2012
1734;172;7 4 3 2012
1735;172;7 4 4 2012
1736;172;7 4 1 2013
1737;172;7 4 2 2013
1738;289;7 4 3 2013
1739;289;7 4 4 2013
1740;135;7 5 1 2011
1741;135;7 5 2 2011
1742;135;7 5 3 2011
1743;135;7 5 4 2011
1744;172;7 5 1 2012
1745;172;7 5 2 2012
1746;172;7 5 3 2012
1747;172;7 5 4 2012
1748;172;7 5 1 2013
1749;172;7 5 2 2013
1750;135;7 5 3 2013
1751;135;7 5 4 2013
1752;357;7 6 1 2011
1753;357;7 6 2 2011
1754;357;7 6 3 2011
1755;357;7 6 4 2011
1756;172;7 6 1 2012
1757;172;7 6 2 2012
1758;172;7 6 3 2012
1759;172;7 6 4 2012
1760;172;7 6 1 2013
1761;172;7 6 2 2013
1762;357;7 6 3 2013
1763;357;7 6 4 2013
1764;0;7 7 1 2011
1765;0;7 7 2 2011
1766;0;7 7 3 2011
1767;0;7 7 4 2011
1768;0;7 7 1 2012
1769;0;7 7 2 2012
1770;0;7 7 3 2012
1771;0;7 7 4 2012
1772;0;7 7 1 2013
1773;0;7 7 2 2013
1774;0;7 7 3 2013
1775;0;7 7 4 2013
1776;258;7 8 1 2011
1777;258;7 8 2 2011
1778;258;7 8 3 2011
1779;258;7 8 4 2011
1780;172;7 8 1 2012
1781;172;7 8 2 2012
1782;172;7 8 3 2012
1783;172;7 8 4 2012
1784;172;7 8 1 2013
1785;172;7 8 2 2013
1786;258;7 8 3 2013
1787;258;7 8 4 2013
1788;305;7 9 1 2011
1789;305;7 9 2 2011
1790;305;7 9 3 2011
1791;305;7 9 4 2011
1792;172;7 9 1 2012
1793;172;7 9 2 2012
1794;172;7 9 3 2012
1795;172;7 9 4 2012
1796;172;7 9 1 2013
1797;172;7 9 2 2013
1798;305;7 9 3 2013
1799;305;7 9 4 2013
1800;330;7 10 1 2011
1801;330;7 10 2 2011
1802;330;7 10 3 2011
1803;330;7 10 4 2011
1804;172;7 10 1 2012
1805;172;7 10 2 2012
1806;172;7 10 3 2012
1807;172;7 10 4 2012
1808;172;7 10 1 2013
1809;172;7 10 2 2013
1810;330;7 10 3 2013
1811;330;7 10 4 2013
1812;246;7 11 1 2011
1813;246;7 11 2 2011
1814;246;7 11 3 2011
1815;246;7 11 4 2011
1816;172;7 11 1 2012
1817;172;7 11 2 2012
1818;172;7 11 3 2012
1819;172;7 11 4 2012
1820;172;7 11 1 2013
1821;172;7 11 2 2013
1822;246;7 11 3 2013
1823;246;7 11 4 2013
1824;167;7 12 1 2011
1825;167;7 12 2 2011
1826;167;7 12 3 2011
1827;167;7 12 4 2011
1828;172;7 12 1 2012
1829;172;7 12 2 2012
1830;172;7 12 3 2012
1831;172;7 12 4 2012
1832;172;7 12 1 2013
1833;172;7 12 2 2013
1834;167;7 12 3 2013
1835;167;7 12 4 2013
1836;222;7 13 1 2011
1837;222;7 13 2 2011
1838;222;7 13 3 2011
1839;222;7 13 4 2011
1840;172;7 13 1 2012
1841;172;7 13 2 2012
1842;172;7 13 3 2012
1843;172;7 13 4 2012
1844;172;7 13 1 2013
1845;172;7 13 2 2013
1846;222;7 13 3 2013
1847;222;7 13 4 2013
1848;306;7 14 1 2011
1849;306;7 14 2 2011
1850;306;7 14 3 2011
1851;306;7 14 4 2011
1852;172;7 14 1 2012
1853;172;7 14 2 2012
1854;172;7 14 3 2012
1855;172;7 14 4 2012
1856;172;7 14 1 2013
1857;172;7 14 2 2013
1858;306;7 14 3 2013
1859;306;7 14 4 2013
1860;293;7 15 1 2011
1861;293;7 15 2 2011
1862;293;7 15 3 2011
1863;293;7 15 4 2011
1864;172;7 15 1 2012
1865;172;7 15 2 2012
1866;172;7 15 3 2012
1867;172;7 15 4 2012
1868;172;7 15 1 2013
1869;172;7 15 2 2013
1870;293;7 15 3 2013
1871;293;7 15 4 2013
1872;270;7 16 1 2011
1873;270;7 16 2 2011
1874;270;7 16 3 2011
1875;270;7 16 4 2011
1876;172;7 16 1 2012
1877;172;7 16 2 2012
1878;172;7 16 3 2012
1879;172;7 16 4 2012
1880;172;7 16 1 2013
1881;172;7 16 2 2013
1882;270;7 16 3 2013
1883;270;7 16 4 2013
1884;263;7 17 1 2011
1885;263;7 17 2 2011
1886;263;7 17 3 2011
1887;263;7 17 4 2011
1888;172;7 17 1 2012
1889;172;7 17 2 2012
1890;172;7 17 3 2012
1891;172;7 17 4 2012
1892;172;7 17 1 2013
1893;172;7 17 2 2013
1894;263;7 17 3 2013
1895;263;7 17 4 2013
1896;152;7 18 1 2011
1897;152;7 18 2 2011
1898;152;7 18 3 2011
1899;152;7 18 4 2011
1900;172;7 18 1 2012
1901;172;7 18 2 2012
1902;172;7 18 3 2012
1903;172;7 18 4 2012
1904;172;7 18 1 2013
1905;172;7 18 2 2013
1906;152;7 18 3 2013
1907;152;7 18 4 2013
1908;151;7 19 1 2011
1909;151;7 19 2 2011
1910;151;7 19 3 2011
1911;151;7 19 4 2011
1912;172;7 19 1 2012
1913;172;7 19 2 2012
1914;172;7 19 3 2012
1915;172;7 19 4 2012
1916;172;7 19 1 2013
1917;172;7 19 2 2013
1918;151;7 19 3 2013
1919;151;7 19 4 2013
1920;242;8 0 1 2011
1921;242;8 0 2 2011
1922;242;8 0 3 2011
1923;242;8 0 4 2011
1924;172;8 0 1 2012
1925;172;8 0 2 2012
1926;172;8 0 3 2012
1927;172;8 0 4 2012
1928;172;8 0 1 2013
1929;172;8 0 2 2013
1930;242;8 0 3 2013
1931;242;8 0 4 2013
1932;200;8 1 1 2011
1933;200;8 1 2 2011
1934;200;8 1 3 2011
1935;200;8 1 4 2011
1936;172;8 1 1 2012
1937;172;8 1 2 2012
1938;172;8 1 3 2012
1939;172;8 1 4 2012
1940;172;8 1 1 2013
1941;172;8 1 2 2013
1942;200;8 1 3 2013
1943;200;8 1 4 2013
1944;110;8 2 1 2011
1945;110;8 2 2 2011
1946;110;8 2 3 2011
1947;110;8 2 4 2011
1948;172;8 2 1 2012
1949;172;8 2 2 2012
1950;172;8 2 3 2012
1951;172;8 2 4 2012
1952;172;8 2 1 2013
1953;172;8 2 2 2013
1954;110;8 2 3 2013
1955;110;8 2 4 2013
1956;187;8 3 1 2011
1957;187;8 3 2 2011
1958;187;8 3 3 2011
1959;187;8 3 4 2011
1960;172;8 3 1 2012
1961;172;8 3 2 2012
1962;172;8 3 3 2012
1963;172;8 3 4 2012
1964;172;8 3 1 2013
1965;172;8 3 2 2013
1966;187;8 3 3 2013
1967;187;8 3 4 2013
1968;127;8 4 1 2011
1969;127;8 4 2 2011
1970;127;8 4 3 2011
1971;127;8 4 4 2011
1972;172;8 4 1 2012
1973;172;8 4 2 2012
1974;172;8 4 3 2012
1975;172;8 4 4 2012
1976;172;8 4 1 2013
1977;172;8 4 2 2013
1978;127;8 4 3 2013
1979;127;8 4 4 2013
1980;288;8 5 1 2011
1981;288;8 5 2 2011
1982;288;8 5 3 2011
1983;288;8 5 4 2011
1984;172;8 5 1 2012
1985;172;8 5 2 2012
1986;172;8 5 3 2012
1987;172;8 5 4 2012
1988;172;8 5 1 2013
1989;172;8 5 2 2013
1990;288;8 5 3 2013
1991;288;8 5 4 2013
1992;136;8 6 1 2011
1993;136;8 6 2 2011
1994;136;8 6 3 2011
1995;136;8 6 4 2011
1996;172;8 6 1 2012
1997;172;8 6 2 2012
1998;172;8 6 3 2012
1999;172;8 6 4 2012
2000;172;8 6 1 2013
2001;172;8 6 2 2013
2002;136;8 6 3 2013
2003;136;8 6 4 2013
2004;263;8 7 1 2011
2005;263;8 7 2 2011
2006;263;8 7 3 2011
2007;263;8 7 4 2011
2008;172;8 7 1 2012
2009;172;8 7 2 2012
2010;172;8 7 3 2012
2011;172;8 7 4 2012
2012;172;8 7 1 2013
2013;172;8 7 2 2013
2014;263;8 7 3 2013
2015;263;8 7 4 2013
2016;0;8 8 1 2011
2017;0;8 8 2 2011
2018;0;8 8 3 2011
2019;0;8 8 4 2011
2020;0;8 8 1 2012
2021;0;8 8 2 2012
2022;0;8 8 3 2012
2023;0;8 8 4 2012
2024;0;8 8 1 2013
2025;0;8 8 2 2013
2026;0;8 8 3 2013
2027;0;8 8 4 2013
2028;114;8 9 1 2011
2029;114;8 9 2 2011
2030;114;8 9 3 2011
2031;114;8 9 4 2011
2032;172;8 9 1 2012
2033;172;8 9 2 2012
2034;172;8 9 3 2012
2035;172;8 9 4 2012
2036;172;8 9 1 2013
2037;172;8 9 2 2013
2038;114;8 9 3 2013
2039;114;8 9 4 2013
2040;246;8 10 1 2011
2041;246;8 10 2 2011
2042;246;8 10 3 2011
2043;246;8 10 4 2011
2044;172;8 10 1 2012
2045;172;8 10 2 2012
2046;172;8 10 3 2012
2047;172;8 10 4 2012
2048;172;8 10 1 2013
2049;172;8 10 2 2013
2050;246;8 10 3 2013
2051;246;8 10 4 2013
2052;333;8 11 1 2011
2053;333;8 11 2 2011
2054;333;8 11 3 2011
2055;333;8 11 4 2011
2056;172;8 11 1 2012
2057;172;8 11 2 2012
2058;172;8 11 3 2012
2059;172;8 11 4 2012
2060;172;8 11 1 2013
2061;172;8 11 2 2013
2062;333;8 11 3 2013
2063;333;8 11 4 2013
2064;256;8 12 1 2011
2065;256;8 12 2 2011
2066;256;8 12 3 2011
2067;256;8 12 4 2011
2068;172;8 12 1 2012
2069;172;8 12 2 2012
2070;172;8 12 3 2012
2071;172;8 12 4 2012
2072;172;8 12 1 2013
2073;172;8 12 2 2013
2074;256;8 12 3 2013
2075;256;8 12 4 2013
2076;320;8 13 1 2011
2077;320;8 13 2 2011
2078;320;8 13 3 2011
2079;320;8 13 4 2011
2080;172;8 13 1 2012
2081;172;8 13 2 2012
2082;172;8 13 3 2012
2083;172;8 13 4 2012
2084;172;8 13 1 2013
2085;172;8 13 2 2013
2086;320;8 13 3 2013
2087;320;8 13 4 2013
2088;162;8 14 1 2011
2089;162;8 14 2 2011
2090;162;8 14 3 2011
2091;162;8 14 4 2011
2092;172;8 14 1 2012
2093;172;8 14 2 2012
2094;172;8 14 3 2012
2095;172;8 14 4 2012
2096;172;8 14 1 2013
2097;172;8 14 2 2013
2098;162;8 14 3 2013
2099;162;8 14 4 2013
2100;194;8 15 1 2011
2101;194;8 15 2 2011
2102;194;8 15 3 2011
2103;194;8 15 4 2011
2104;172;8 15 1 2012
2105;172;8 15 2 2012
2106;172;8 15 3 2012
2107;172;8 15 4 2012
2108;172;8 15 1 2013
2109;172;8 15 2 2013
2110;194;8 15 3 2013
2111;194;8 15 4 2013
2112;196;8 16 1 2011
2113;196;8 16 2 2011
2114;196;8 16 3 2011
2115;196;8 16 4 2011
2116;172;8 16 1 2012
2117;172;8 16 2 2012
2118;172;8 16 3 2012
2119;172;8 16 4 2012
2120;172;8 16 1 2013
2121;172;8 16 2 2013
2122;196;8 16 3 2013
2123;196;8 16 4 2013
2124;234;8 17 1 2011
2125;234;8 17 2 2011
2126;234;8 17 3 2011
2127;234;8 17 4 2011
2128;172;8 17 1 2012
2129;172;8 17 2 2012
2130;172;8 17 3 2012
2131;172;8 17 4 2012
2132;172;8 17 1 2013
2133;172;8 17 2 2013
2134;234;8 17 3 2013
2135;234;8 17 4 2013
2136;257;8 18 1 2011
2137;257;8 18 2 2011
2138;257;8 18 3 2011
2139;257;8 18 4 2011
2140;172;8 18 1 2012
2141;172;8 18 2 2012
2142;172;8 18 3 2012
2143;172;8 18 4 2012
2144;172;8 18 1 2013
2145;172;8 18 2 2013
2146;257;8 18 3 2013
2147;257;8 18 4 2013
2148;258;8 19 1 2011
2149;258;8 19 2 2011
2150;258;8 19 3 2011
2151;258;8 19 4 2011
2152;172;8 19 1 2012
2153;172;8 19 2 2012
2154;172;8 19 3 2012
2155;172;8 19 4 2012
2156;172;8 19 1 2013
2157;172;8 19 2 2013
2158;258;8 19 3 2013
2159;258;8 19 4 2013
2160;219;9 0 1 2011
2161;219;9 0 2 2011
2162;219;9 0 3 2011
2163;219;9 0 4 2011
2164;172;9 0 1 2012
2165;172;9 0 2 2012
2166;172;9 0 3 2012
2167;172;9 0 4 2012
2168;172;9 0 1 2013
2169;172;9 0 2 2013
2170;219;9 0 3 2013
2171;219;9 0 4 2013
2172;236;9 1 1 2011
2173;236;9 1 2 2011
2174;236;9 1 3 2011
2175;236;9 1 4 2011
2176;172;9 1 1 2012
2177;172;9 1 2 2012
2178;172;9 1 3 2012
2179;172;9 1 4 2012
2180;172;9 1 1 2013
2181;172;9 1 2 2013
2182;236;9 1 3 2013
2183;236;9 1 4 2013
2184;122;9 2 1 2011
2185;122;9 2 2 2011
2186;122;9 2 3 2011
2187;122;9 2 4 2011
2188;172;9 2 1 2012
2189;172;9 2 2 2012
2190;172;9 2 3 2012
2191;172;9 2 4 2012
2192;172;9 2 1 2013
2193;172;9 2 2 2013
2194;122;9 2 3 2013
2195;122;9 2 4 2013
2196;225;9 3 1 2011
2197;225;9 3 2 2011
2198;225;9 3 3 2011
2199;225;9 3 4 2011
2200;172;9 3 1 2012
2201;172;9 3 2 2012
2202;172;9 3 3 2012
2203;172;9 3 4 2012
2204;172;9 3 1 2013
2205;172;9 3 2 2013
2206;225;9 3 3 2013
2207;225;9 3 4 2013
2208;132;9 4 1 2011
2209;132;9 4 2 2011
2210;132;9 4 3 2011
2211;132;9 4 4 2011
2212;172;9 4 1 2012
2213;172;9 4 2 2012
2214;172;9 4 3 2012
2215;172;9 4 4 2012
2216;172;9 4 1 2013
2217;172;9 4 2 2013
2218;132;9 4 3 2013
2219;132;9 4 4 2013
2220;239;9 5 1 2011
2221;239;9 5 2 2011
2222;239;9 5 3 2011
2223;239;9 5 4 2011
2224;172;9 5 1 2012
2225;172;9 5 2 2012
2226;172;9 5 3 2012
2227;172;9 5 4 2012
2228;172;9 5 1 2013
2229;172;9 5 2 2013
2230;239;9 5 3 2013
2231;239;9 5 4 2013
2232;174;9 6 1 2011
2233;174;9 6 2 2011
2234;174;9 6 3 2011
2235;174;9 6 4 2011
2236;172;9 6 1 2012
2237;172;9 6 2 2012
2238;172;9 6 3 2012
2239;172;9 6 4 2012
2240;172;9 6 1 2013
2241;172;9 6 2 2013
2242;174;9 6 3 2013
2243;174;9 6 4 2013
2244;304;9 7 1 2011
2245;304;9 7 2 2011
2246;304;9 7 3 2011
2247;304;9 7 4 2011
2248;172;9 7 1 2012
2249;172;9 7 2 2012
2250;172;9 7 3 2012
2251;172;9 7 4 2012
2252;172;9 7 1 2013
2253;172;9 7 2 2013
2254;304;9 7 3 2013
2255;304;9 7 4 2013
2256;110;9 8 1 2011
2257;110;9 8 2 2011
2258;110;9 8 3 2011
2259;110;9 8 4 2011
2260;172;9 8 1 2012
2261;172;9 8 2 2012
2262;172;9 8 3 2012
2263;172;9 8 4 2012
2264;172;9 8 1 2013
2265;172;9 8 2 2013
2266;110;9 8 3 2013
2267;110;9 8 4 2013
2268;0;9 9 1 2011
2269;0;9 9 2 2011
2270;0;9 9 3 2011
2271;0;9 9 4 2011
2272;0;9 9 1 2012
2273;0;9 9 2 2012
2274;0;9 9 3 2012
2275;0;9 9 4 2012
2276;0;9 9 1 2013
2277;0;9 9 2 2013
2278;0;9 9 3 2013
2279;0;9 9 4 2013
2280;264;9 10 1 2011
2281;264;9 10 2 2011
2282;264;9 10 3 2011
2283;264;9 10 4 2011
2284;172;9 10 1 2012
2285;172;9 10 2 2012
2286;172;9 10 3 2012
2287;172;9 10 4 2012
2288;172;9 10 1 2013
2289;172;9 10 2 2013
2290;264;9 10 3 2013
2291;264;9 10 4 2013
2292;277;9 11 1 2011
2293;277;9 11 2 2011
2294;277;9 11 3 2011
2295;277;9 11 4 2011
2296;172;9 11 1 2012
2297;172;9 11 2 2012
2298;172;9 11 3 2012
2299;172;9 11 4 2012
2300;172;9 11 1 2013
2301;172;9 11 2 2013
2302;277;9 11 3 2013
2303;277;9 11 4 2013
2304;245;9 12 1 2011
2305;245;9 12 2 2011
2306;245;9 12 3 2011
2307;245;9 12 4 2011
2308;172;9 12 1 2012
2309;172;9 12 2 2012
2310;172;9 12 3 2012
2311;172;9 12 4 2012
2312;172;9 12 1 2013
2313;172;9 12 2 2013
2314;245;9 12 3 2013
2315;245;9 12 4 2013
2316;265;9 13 1 2011
2317;265;9 13 2 2011
2318;265;9 13 3 2011
2319;265;9 13 4 2011
2320;172;9 13 1 2012
2321;172;9 13 2 2012
2322;172;9 13 3 2012
2323;172;9 13 4 2012
2324;172;9 13 1 2013
2325;172;9 13 2 2013
2326;265;9 13 3 2013
2327;265;9 13 4 2013
2328;197;9 14 1 2011
2329;197;9 14 2 2011
2330;197;9 14 3 2011
2331;197;9 14 4 2011
2332;172;9 14 1 2012
2333;172;9 14 2 2012
2334;172;9 14 3 2012
2335;172;9 14 4 2012
2336;172;9 14 1 2013
2337;172;9 14 2 2013
2338;197;9 14 3 2013
2339;197;9 14 4 2013
2340;201;9 15 1 2011
2341;201;9 15 2 2011
2342;201;9 15 3 2011
2343;201;9 15 4 2011
2344;172;9 15 1 2012
2345;172;9 15 2 2012
2346;172;9 15 3 2012
2347;172;9 15 4 2012
2348;172;9 15 1 2013
2349;172;9 15 2 2013
2350;201;9 15 3 2013
2351;201;9 15 4 2013
2352;239;9 16 1 2011
2353;239;9 16 2 2011
2354;239;9 16 3 2011
2355;239;9 16 4 2011
2356;172;9 16 1 2012
2357;172;9 16 2 2012
2358;172;9 16 3 2012
2359;172;9 16 4 2012
2360;172;9 16 1 2013
2361;172;9 16 2 2013
2362;239;9 16 3 2013
2363;239;9 16 4 2013
2364;258;9 17 1 2011
2365;258;9 17 2 2011
2366;258;9 17 3 2011
2367;258;9 17 4 2011
2368;172;9 17 1 2012
2369;172;9 17 2 2012
2370;172;9 17 3 2012
2371;172;9 17 4 2012
2372;172;9 17 1 2013
2373;172;9 17 2 2013
2374;258;9 17 3 2013
2375;258;9 17 4 2013
2376;236;9 18 1 2011
2377;236;9 18 2 2011
2378;236;9 18 3 2011
2379;236;9 18 4 2011
2380;172;9 18 1 2012
2381;172;9 18 2 2012
2382;172;9 18 3 2012
2383;172;9 18 4 2012
2384;172;9 18 1 2013
2385;172;9 18 2 2013
2386;236;9 18 3 2013
2387;236;9 18 4 2013
2388;240;9 19 1 2011
2389;240;9 19 2 2011
2390;240;9 19 3 2011
2391;240;9 19 4 2011
2392;172;9 19 1 2012
2393;172;9 19 2 2012
2394;172;9 19 3 2012
2395;172;9 19 4 2012
2396;172;9 19 1 2013
2397;172;9 19 2 2013
2398;240;9 19 3 2013
2399;240;9 19 4 2013
2400;209;10 0 1 2011
2401;209;10 0 2 2011
2402;209;10 0 3 2011
2403;209;10 0 4 2011
2404;172;10 0 1 2012
2405;172;10 0 2 2012
2406;172;10 0 3 2012
2407;172;10 0 4 2012
2408;172;10 0 1 2013
2409;172;10 0 2 2013
2410;209;10 0 3 2013
2411;209;10 0 4 2013
2412;277;10 1 1 2011
2413;277;10 1 2 2011
2414;277;10 1 3 2011
2415;277;10 1 4 2011
2416;172;10 1 1 2012
2417;172;10 1 2 2012
2418;172;10 1 3 2012
2419;172;10 1 4 2012
2420;172;10 1 1 2013
2421;172;10 1 2 2013
2422;277;10 1 3 2013
2423;277;10 1 4 2013
2424;304;10 2 1 2011
2425;304;10 2 2 2011
2426;304;10 2 3 2011
2427;304;10 2 4 2011
2428;172;10 2 1 2012
2429;172;10 2 2 2012
2430;172;10 2 3 2012
2431;172;10 2 4 2012
2432;172;10 2 1 2013
2433;172;10 2 2 2013
2434;304;10 2 3 2013
2435;304;10 2 4 2013
2436;146;10 3 1 2011
2437;146;10 3 2 2011
2438;146;10 3 3 2011
2439;146;10 3 4 2011
2440;172;10 3 1 2012
2441;172;10 3 2 2012
2442;172;10 3 3 2012
2443;172;10 3 4 2012
2444;172;10 3 1 2013
2445;172;10 3 2 2013
2446;146;10 3 3 2013
2447;146;10 3 4 2013
2448;226;10 4 1 2011
2449;226;10 4 2 2011
2450;226;10 4 3 2011
2451;226;10 4 4 2011
2452;172;10 4 1 2012
2453;172;10 4 2 2012
2454;172;10 4 3 2012
2455;172;10 4 4 2012
2456;172;10 4 1 2013
2457;172;10 4 2 2013
2458;226;10 4 3 2013
2459;226;10 4 4 2013
2460;236;10 5 1 2011
2461;236;10 5 2 2011
2462;236;10 5 3 2011
2463;236;10 5 4 2011
2464;172;10 5 1 2012
2465;172;10 5 2 2012
2466;172;10 5 3 2012
2467;172;10 5 4 2012
2468;172;10 5 1 2013
2469;172;10 5 2 2013
2470;236;10 5 3 2013
2471;236;10 5 4 2013
2472;356;10 6 1 2011
2473;356;10 6 2 2011
2474;356;10 6 3 2011
2475;356;10 6 4 2011
2476;172;10 6 1 2012
2477;172;10 6 2 2012
2478;172;10 6 3 2012
2479;172;10 6 4 2012
2480;172;10 6 1 2013
2481;172;10 6 2 2013
2482;356;10 6 3 2013
2483;356;10 6 4 2013
2484;340;10 7 1 2011
2485;340;10 7 2 2011
2486;340;10 7 3 2011
2487;340;10 7 4 2011
2488;172;10 7 1 2012
2489;172;10 7 2 2012
2490;172;10 7 3 2012
2491;172;10 7 4 2012
2492;172;10 7 1 2013
2493;172;10 7 2 2013
2494;340;10 7 3 2013
2495;340;10 7 4 2013
2496;238;10 8 1 2011
2497;238;10 8 2 2011
2498;238;10 8 3 2011
2499;238;10 8 4 2011
2500;172;10 8 1 2012
2501;172;10 8 2 2012
2502;172;10 8 3 2012
2503;172;10 8 4 2012
2504;172;10 8 1 2013
2505;172;10 8 2 2013
2506;238;10 8 3 2013
2507;238;10 8 4 2013
2508;262;10 9 1 2011
2509;262;10 9 2 2011
2510;262;10 9 3 2011
2511;262;10 9 4 2011
2512;172;10 9 1 2012
2513;172;10 9 2 2012
2514;172;10 9 3 2012
2515;172;10 9 4 2012
2516;172;10 9 1 2013
2517;172;10 9 2 2013
2518;262;10 9 3 2013
2519;262;10 9 4 2013
2520;0;10 10 1 201
2521;0;10 10 2 201
2522;0;10 10 3 201
2523;0;10 10 4 201
2524;0;10 10 1 201
2525;0;10 10 2 201
2526;0;10 10 3 201
2527;0;10 10 4 201
2528;0;10 10 1 201
2529;0;10 10 2 201
2530;0;10 10 3 201
2531;0;10 10 4 201
2532;252;10 11 1 201
2533;252;10 11 2 201
2534;252;10 11 3 201
2535;252;10 11 4 201
2536;172;10 11 1 201
2537;172;10 11 2 201
2538;172;10 11 3 201
2539;172;10 11 4 201
2540;172;10 11 1 201
2541;172;10 11 2 201
2542;252;10 11 3 201
2543;252;10 11 4 201
2544;223;10 12 1 201
2545;223;10 12 2 201
2546;223;10 12 3 201
2547;223;10 12 4 201
2548;172;10 12 1 201
2549;172;10 12 2 201
2550;172;10 12 3 201
2551;172;10 12 4 201
2552;172;10 12 1 201
2553;172;10 12 2 201
2554;223;10 12 3 201
2555;223;10 12 4 201
2556;343;10 13 1 201
2557;343;10 13 2 201
2558;343;10 13 3 201
2559;343;10 13 4 201
2560;172;10 13 1 201
2561;172;10 13 2 201
2562;172;10 13 3 201
2563;172;10 13 4 201
2564;172;10 13 1 201
2565;172;10 13 2 201
2566;343;10 13 3 201
2567;343;10 13 4 201
2568;269;10 14 1 201
2569;269;10 14 2 201
2570;269;10 14 3 201
2571;269;10 14 4 201
2572;172;10 14 1 201
2573;172;10 14 2 201
2574;172;10 14 3 201
2575;172;10 14 4 201
2576;172;10 14 1 201
2577;172;10 14 2 201
2578;269;10 14 3 201
2579;269;10 14 4 201
2580;359;10 15 1 201
2581;359;10 15 2 201
2582;359;10 15 3 201
2583;359;10 15 4 201
2584;172;10 15 1 201
2585;172;10 15 2 201
2586;172;10 15 3 201
2587;172;10 15 4 201
2588;172;10 15 1 201
2589;172;10 15 2 201
2590;359;10 15 3 201
2591;359;10 15 4 201
2592;313;10 16 1 201
2593;313;10 16 2 201
2594;313;10 16 3 201
2595;313;10 16 4 201
2596;172;10 16 1 201
2597;172;10 16 2 201
2598;172;10 16 3 201
2599;172;10 16 4 201
2600;172;10 16 1 201
2601;172;10 16 2 201
2602;313;10 16 3 201
2603;313;10 16 4 201
2604;248;10 17 1 201
2605;248;10 17 2 201
2606;248;10 17 3 201
2607;248;10 17 4 201
2608;172;10 17 1 201
2609;172;10 17 2 201
2610;172;10 17 3 201
2611;172;10 17 4 201
2612;172;10 17 1 201
2613;172;10 17 2 201
2614;248;10 17 3 201
2615;248;10 17 4 201
2616;337;10 18 1 201
2617;337;10 18 2 201
2618;337;10 18 3 201
2619;337;10 18 4 201
2620;172;10 18 1 201
2621;172;10 18 2 201
2622;172;10 18 3 201
2623;172;10 18 4 201
2624;172;10 18 1 201
2625;172;10 18 2 201
2626;337;10 18 3 201
2627;337;10 18 4 201
2628;325;10 19 1 201
2629;325;10 19 2 201
2630;325;10 19 3 201
2631;325;10 19 4 201
2632;172;10 19 1 201
2633;172;10 19 2 201
2634;172;10 19 3 201
2635;172;10 19 4 201
2636;172;10 19 1 201
2637;172;10 19 2 201
2638;325;10 19 3 201
2639;325;10 19 4 201
2640;168;11 0 1 2011
2641;168;11 0 2 2011
2642;168;11 0 3 2011
2643;168;11 0 4 2011
2644;172;11 0 1 2012
2645;172;11 0 2 2012
2646;172;11 0 3 2012
2647;172;11 0 4 2012
2648;172;11 0 1 2013
2649;172;11 0 2 2013
2650;168;11 0 3 2013
2651;168;11 0 4 2013
2652;236;11 1 1 2011
2653;236;11 1 2 2011
2654;236;11 1 3 2011
2655;236;11 1 4 2011
2656;172;11 1 1 2012
2657;172;11 1 2 2012
2658;172;11 1 3 2012
2659;172;11 1 4 2012
2660;172;11 1 1 2013
2661;172;11 1 2 2013
2662;236;11 1 3 2013
2663;236;11 1 4 2013
2664;314;11 2 1 2011
2665;314;11 2 2 2011
2666;314;11 2 3 2011
2667;314;11 2 4 2011
2668;172;11 2 1 2012
2669;172;11 2 2 2012
2670;172;11 2 3 2012
2671;172;11 2 4 2012
2672;172;11 2 1 2013
2673;172;11 2 2 2013
2674;314;11 2 3 2013
2675;314;11 2 4 2013
2676;262;11 3 1 2011
2677;262;11 3 2 2011
2678;262;11 3 3 2011
2679;262;11 3 4 2011
2680;172;11 3 1 2012
2681;172;11 3 2 2012
2682;172;11 3 3 2012
2683;172;11 3 4 2012
2684;172;11 3 1 2013
2685;172;11 3 2 2013
2686;262;11 3 3 2013
2687;262;11 3 4 2013
2688;246;11 4 1 2011
2689;246;11 4 2 2011
2690;246;11 4 3 2011
2691;246;11 4 4 2011
2692;172;11 4 1 2012
2693;172;11 4 2 2012
2694;172;11 4 3 2012
2695;172;11 4 4 2012
2696;172;11 4 1 2013
2697;172;11 4 2 2013
2698;246;11 4 3 2013
2699;246;11 4 4 2013
2700;191;11 5 1 2011
2701;191;11 5 2 2011
2702;191;11 5 3 2011
2703;191;11 5 4 2011
2704;172;11 5 1 2012
2705;172;11 5 2 2012
2706;172;11 5 3 2012
2707;172;11 5 4 2012
2708;172;11 5 1 2013
2709;172;11 5 2 2013
2710;191;11 5 3 2013
2711;191;11 5 4 2013
2712;311;11 6 1 2011
2713;311;11 6 2 2011
2714;311;11 6 3 2011
2715;311;11 6 4 2011
2716;172;11 6 1 2012
2717;172;11 6 2 2012
2718;172;11 6 3 2012
2719;172;11 6 4 2012
2720;172;11 6 1 2013
2721;172;11 6 2 2013
2722;311;11 6 3 2013
2723;311;11 6 4 2013
2724;248;11 7 1 2011
2725;248;11 7 2 2011
2726;248;11 7 3 2011
2727;248;11 7 4 2011
2728;172;11 7 1 2012
2729;172;11 7 2 2012
2730;172;11 7 3 2012
2731;172;11 7 4 2012
2732;172;11 7 1 2013
2733;172;11 7 2 2013
2734;248;11 7 3 2013
2735;248;11 7 4 2013
2736;323;11 8 1 2011
2737;323;11 8 2 2011
2738;323;11 8 3 2011
2739;323;11 8 4 2011
2740;172;11 8 1 2012
2741;172;11 8 2 2012
2742;172;11 8 3 2012
2743;172;11 8 4 2012
2744;172;11 8 1 2013
2745;172;11 8 2 2013
2746;323;11 8 3 2013
2747;323;11 8 4 2013
2748;283;11 9 1 2011
2749;283;11 9 2 2011
2750;283;11 9 3 2011
2751;283;11 9 4 2011
2752;172;11 9 1 2012
2753;172;11 9 2 2012
2754;172;11 9 3 2012
2755;172;11 9 4 2012
2756;172;11 9 1 2013
2757;172;11 9 2 2013
2758;283;11 9 3 2013
2759;283;11 9 4 2013
2760;256;11 10 1 201
2761;256;11 10 2 201
2762;256;11 10 3 201
2763;256;11 10 4 201
2764;172;11 10 1 201
2765;172;11 10 2 201
2766;172;11 10 3 201
2767;172;11 10 4 201
2768;172;11 10 1 201
2769;172;11 10 2 201
2770;256;11 10 3 201
2771;256;11 10 4 201
2772;0;11 11 1 201
2773;0;11 11 2 201
2774;0;11 11 3 201
2775;0;11 11 4 201
2776;0;11 11 1 201
2777;0;11 11 2 201
2778;0;11 11 3 201
2779;0;11 11 4 201
2780;0;11 11 1 201
2781;0;11 11 2 201
2782;0;11 11 3 201
2783;0;11 11 4 201
2784;140;11 12 1 201
2785;140;11 12 2 201
2786;140;11 12 3 201
2787;140;11 12 4 201
2788;172;11 12 1 201
2789;172;11 12 2 201
2790;172;11 12 3 201
2791;172;11 12 4 201
2792;172;11 12 1 201
2793;172;11 12 2 201
2794;140;11 12 3 201
2795;140;11 12 4 201
2796;214;11 13 1 201
2797;214;11 13 2 201
2798;214;11 13 3 201
2799;214;11 13 4 201
2800;172;11 13 1 201
2801;172;11 13 2 201
2802;172;11 13 3 201
2803;172;11 13 4 201
2804;172;11 13 1 201
2805;172;11 13 2 201
2806;214;11 13 3 201
2807;214;11 13 4 201
2808;325;11 14 1 201
2809;325;11 14 2 201
2810;325;11 14 3 201
2811;325;11 14 4 201
2812;172;11 14 1 201
2813;172;11 14 2 201
2814;172;11 14 3 201
2815;172;11 14 4 201
2816;172;11 14 1 201
2817;172;11 14 2 201
2818;325;11 14 3 201
2819;325;11 14 4 201
2820;265;11 15 1 201
2821;265;11 15 2 201
2822;265;11 15 3 201
2823;265;11 15 4 201
2824;172;11 15 1 201
2825;172;11 15 2 201
2826;172;11 15 3 201
2827;172;11 15 4 201
2828;172;11 15 1 201
2829;172;11 15 2 201
2830;265;11 15 3 201
2831;265;11 15 4 201
2832;191;11 16 1 201
2833;191;11 16 2 201
2834;191;11 16 3 201
2835;191;11 16 4 201
2836;172;11 16 1 201
2837;172;11 16 2 201
2838;172;11 16 3 201
2839;172;11 16 4 201
2840;172;11 16 1 201
2841;172;11 16 2 201
2842;191;11 16 3 201
2843;191;11 16 4 201
2844;204;11 17 1 201
2845;204;11 17 2 201
2846;204;11 17 3 201
2847;204;11 17 4 201
2848;172;11 17 1 201
2849;172;11 17 2 201
2850;172;11 17 3 201
2851;172;11 17 4 201
2852;172;11 17 1 201
2853;172;11 17 2 201
2854;204;11 17 3 201
2855;204;11 17 4 201
2856;220;11 18 1 201
2857;220;11 18 2 201
2858;220;11 18 3 201
2859;220;11 18 4 201
2860;172;11 18 1 201
2861;172;11 18 2 201
2862;172;11 18 3 201
2863;172;11 18 4 201
2864;172;11 18 1 201
2865;172;11 18 2 201
2866;220;11 18 3 201
2867;220;11 18 4 201
2868;189;11 19 1 201
2869;189;11 19 2 201
2870;189;11 19 3 201
2871;189;11 19 4 201
2872;172;11 19 1 201
2873;172;11 19 2 201
2874;172;11 19 3 201
2875;172;11 19 4 201
2876;172;11 19 1 201
2877;172;11 19 2 201
2878;189;11 19 3 201
2879;189;11 19 4 201
2880;153;12 0 1 2011
2881;153;12 0 2 2011
2882;153;12 0 3 2011
2883;153;12 0 4 2011
2884;172;12 0 1 2012
2885;172;12 0 2 2012
2886;172;12 0 3 2012
2887;172;12 0 4 2012
2888;172;12 0 1 2013
2889;172;12 0 2 2013
2890;153;12 0 3 2013
2891;153;12 0 4 2013
2892;176;12 1 1 2011
2893;176;12 1 2 2011
2894;176;12 1 3 2011
2895;176;12 1 4 2011
2896;172;12 1 1 2012
2897;172;12 1 2 2012
2898;172;12 1 3 2012
2899;172;12 1 4 2012
2900;172;12 1 1 2013
2901;172;12 1 2 2013
2902;176;12 1 3 2013
2903;176;12 1 4 2013
2904;262;12 2 1 2011
2905;262;12 2 2 2011
2906;262;12 2 3 2011
2907;262;12 2 4 2011
2908;172;12 2 1 2012
2909;172;12 2 2 2012
2910;172;12 2 3 2012
2911;172;12 2 4 2012
2912;172;12 2 1 2013
2913;172;12 2 2 2013
2914;262;12 2 3 2013
2915;262;12 2 4 2013
2916;210;12 3 1 2011
2917;210;12 3 2 2011
2918;210;12 3 3 2011
2919;210;12 3 4 2011
2920;172;12 3 1 2012
2921;172;12 3 2 2012
2922;172;12 3 3 2012
2923;172;12 3 4 2012
2924;172;12 3 1 2013
2925;172;12 3 2 2013
2926;210;12 3 3 2013
2927;210;12 3 4 2013
2928;212;12 4 1 2011
2929;212;12 4 2 2011
2930;212;12 4 3 2011
2931;212;12 4 4 2011
2932;172;12 4 1 2012
2933;172;12 4 2 2012
2934;172;12 4 3 2012
2935;172;12 4 4 2012
2936;172;12 4 1 2013
2937;172;12 4 2 2013
2938;212;12 4 3 2013
2939;212;12 4 4 2013
2940;160;12 5 1 2011
2941;160;12 5 2 2011
2942;160;12 5 3 2011
2943;160;12 5 4 2011
2944;172;12 5 1 2012
2945;172;12 5 2 2012
2946;172;12 5 3 2012
2947;172;12 5 4 2012
2948;172;12 5 1 2013
2949;172;12 5 2 2013
2950;160;12 5 3 2013
2951;160;12 5 4 2013
2952;288;12 6 1 2011
2953;288;12 6 2 2011
2954;288;12 6 3 2011
2955;288;12 6 4 2011
2956;172;12 6 1 2012
2957;172;12 6 2 2012
2958;172;12 6 3 2012
2959;172;12 6 4 2012
2960;172;12 6 1 2013
2961;172;12 6 2 2013
2962;288;12 6 3 2013
2963;288;12 6 4 2013
2964;168;12 7 1 2011
2965;168;12 7 2 2011
2966;168;12 7 3 2011
2967;168;12 7 4 2011
2968;172;12 7 1 2012
2969;172;12 7 2 2012
2970;172;12 7 3 2012
2971;172;12 7 4 2012
2972;172;12 7 1 2013
2973;172;12 7 2 2013
2974;168;12 7 3 2013
2975;168;12 7 4 2013
2976;253;12 8 1 2011
2977;253;12 8 2 2011
2978;253;12 8 3 2011
2979;253;12 8 4 2011
2980;172;12 8 1 2012
2981;172;12 8 2 2012
2982;172;12 8 3 2012
2983;172;12 8 4 2012
2984;172;12 8 1 2013
2985;172;12 8 2 2013
2986;253;12 8 3 2013
2987;253;12 8 4 2013
2988;247;12 9 1 2011
2989;247;12 9 2 2011
2990;247;12 9 3 2011
2991;247;12 9 4 2011
2992;172;12 9 1 2012
2993;172;12 9 2 2012
2994;172;12 9 3 2012
2995;172;12 9 4 2012
2996;172;12 9 1 2013
2997;172;12 9 2 2013
2998;247;12 9 3 2013
2999;247;12 9 4 2013
3000;228;12 10 1 201
3001;228;12 10 2 201
3002;228;12 10 3 201
3003;228;12 10 4 201
3004;172;12 10 1 201
3005;172;12 10 2 201
3006;172;12 10 3 201
3007;172;12 10 4 201
3008;172;12 10 1 201
3009;172;12 10 2 201
3010;228;12 10 3 201
3011;228;12 10 4 201
3012;139;12 11 1 201
3013;139;12 11 2 201
3014;139;12 11 3 201
3015;139;12 11 4 201
3016;172;12 11 1 201
3017;172;12 11 2 201
3018;172;12 11 3 201
3019;172;12 11 4 201
3020;172;12 11 1 201
3021;172;12 11 2 201
3022;139;12 11 3 201
3023;139;12 11 4 201
3024;0;12 12 1 201
3025;0;12 12 2 201
3026;0;12 12 3 201
3027;0;12 12 4 201
3028;0;12 12 1 201
3029;0;12 12 2 201
3030;0;12 12 3 201
3031;0;12 12 4 201
3032;0;12 12 1 201
3033;0;12 12 2 201
3034;0;12 12 3 201
3035;0;12 12 4 201
3036;176;12 13 1 201
3037;176;12 13 2 201
3038;176;12 13 3 201
3039;176;12 13 4 201
3040;172;12 13 1 201
3041;172;12 13 2 201
3042;172;12 13 3 201
3043;172;12 13 4 201
3044;172;12 13 1 201
3045;172;12 13 2 201
3046;176;12 13 3 201
3047;176;12 13 4 201
3048;276;12 14 1 201
3049;276;12 14 2 201
3050;276;12 14 3 201
3051;276;12 14 4 201
3052;172;12 14 1 201
3053;172;12 14 2 201
3054;172;12 14 3 201
3055;172;12 14 4 201
3056;172;12 14 1 201
3057;172;12 14 2 201
3058;276;12 14 3 201
3059;276;12 14 4 201
3060;200;12 15 1 201
3061;200;12 15 2 201
3062;200;12 15 3 201
3063;200;12 15 4 201
3064;172;12 15 1 201
3065;172;12 15 2 201
3066;172;12 15 3 201
3067;172;12 15 4 201
3068;172;12 15 1 201
3069;172;12 15 2 201
3070;200;12 15 3 201
3071;200;12 15 4 201
3072;157;12 16 1 201
3073;157;12 16 2 201
3074;157;12 16 3 201
3075;157;12 16 4 201
3076;172;12 16 1 201
3077;172;12 16 2 201
3078;172;12 16 3 201
3079;172;12 16 4 201
3080;172;12 16 1 201
3081;172;12 16 2 201
3082;157;12 16 3 201
3083;157;12 16 4 201
3084;155;12 17 1 201
3085;155;12 17 2 201
3086;155;12 17 3 201
3087;155;12 17 4 201
3088;172;12 17 1 201
3089;172;12 17 2 201
3090;172;12 17 3 201
3091;172;12 17 4 201
3092;172;12 17 1 201
3093;172;12 17 2 201
3094;155;12 17 3 201
3095;155;12 17 4 201
3096;177;12 18 1 201
3097;177;12 18 2 201
3098;177;12 18 3 201
3099;177;12 18 4 201
3100;172;12 18 1 201
3101;172;12 18 2 201
3102;172;12 18 3 201
3103;172;12 18 4 201
3104;172;12 18 1 201
3105;172;12 18 2 201
3106;177;12 18 3 201
3107;177;12 18 4 201
3108;155;12 19 1 201
3109;155;12 19 2 201
3110;155;12 19 3 201
3111;155;12 19 4 201
3112;172;12 19 1 201
3113;172;12 19 2 201
3114;172;12 19 3 201
3115;172;12 19 4 201
3116;172;12 19 1 201
3117;172;12 19 2 201
3118;155;12 19 3 201
3119;155;12 19 4 201
3120;244;13 0 1 2011
3121;244;13 0 2 2011
3122;244;13 0 3 2011
3123;244;13 0 4 2011
3124;172;13 0 1 2012
3125;172;13 0 2 2012
3126;172;13 0 3 2012
3127;172;13 0 4 2012
3128;172;13 0 1 2013
3129;172;13 0 2 2013
3130;244;13 0 3 2013
3131;244;13 0 4 2013
3132;258;13 1 1 2011
3133;258;13 1 2 2011
3134;258;13 1 3 2011
3135;258;13 1 4 2011
3136;172;13 1 1 2012
3137;172;13 1 2 2012
3138;172;13 1 3 2012
3139;172;13 1 4 2012
3140;172;13 1 1 2013
3141;172;13 1 2 2013
3142;258;13 1 3 2013
3143;258;13 1 4 2013
3144;373;13 2 1 2011
3145;373;13 2 2 2011
3146;373;13 2 3 2011
3147;373;13 2 4 2011
3148;172;13 2 1 2012
3149;172;13 2 2 2012
3150;172;13 2 3 2012
3151;172;13 2 4 2012
3152;172;13 2 1 2013
3153;172;13 2 2 2013
3154;373;13 2 3 2013
3155;373;13 2 4 2013
3156;360;13 3 1 2011
3157;360;13 3 2 2011
3158;360;13 3 3 2011
3159;360;13 3 4 2011
3160;172;13 3 1 2012
3161;172;13 3 2 2012
3162;172;13 3 3 2012
3163;172;13 3 4 2012
3164;172;13 3 1 2013
3165;172;13 3 2 2013
3166;360;13 3 3 2013
3167;360;13 3 4 2013
3168;238;13 4 1 2011
3169;238;13 4 2 2011
3170;238;13 4 3 2011
3171;238;13 4 4 2011
3172;172;13 4 1 2012
3173;172;13 4 2 2012
3174;172;13 4 3 2012
3175;172;13 4 4 2012
3176;172;13 4 1 2013
3177;172;13 4 2 2013
3178;238;13 4 3 2013
3179;238;13 4 4 2013
3180;0;13 5 1 2011
3181;0;13 5 2 2011
3182;0;13 5 3 2011
3183;0;13 5 4 2011
3184;0;13 5 1 2012
3185;0;13 5 2 2012
3186;0;13 5 3 2012
3187;0;13 5 4 2012
3188;0;13 5 1 2013
3189;0;13 5 2 2013
3190;0;13 5 3 2013
3191;0;13 5 4 2013
3192;408;13 6 1 2011
3193;408;13 6 2 2011
3194;408;13 6 3 2011
3195;408;13 6 4 2011
3196;172;13 6 1 2012
3197;172;13 6 2 2012
3198;172;13 6 3 2012
3199;172;13 6 4 2012
3200;172;13 6 1 2013
3201;172;13 6 2 2013
3202;408;13 6 3 2013
3203;408;13 6 4 2013
3204;218;13 7 1 2011
3205;218;13 7 2 2011
3206;218;13 7 3 2011
3207;218;13 7 4 2011
3208;172;13 7 1 2012
3209;172;13 7 2 2012
3210;172;13 7 3 2012
3211;172;13 7 4 2012
3212;172;13 7 1 2013
3213;172;13 7 2 2013
3214;218;13 7 3 2013
3215;218;13 7 4 2013
3216;308;13 8 1 2011
3217;308;13 8 2 2011
3218;308;13 8 3 2011
3219;308;13 8 4 2011
3220;172;13 8 1 2012
3221;172;13 8 2 2012
3222;172;13 8 3 2012
3223;172;13 8 4 2012
3224;172;13 8 1 2013
3225;172;13 8 2 2013
3226;308;13 8 3 2013
3227;308;13 8 4 2013
3228;261;13 9 1 2011
3229;261;13 9 2 2011
3230;261;13 9 3 2011
3231;261;13 9 4 2011
3232;172;13 9 1 2012
3233;172;13 9 2 2012
3234;172;13 9 3 2012
3235;172;13 9 4 2012
3236;172;13 9 1 2013
3237;172;13 9 2 2013
3238;261;13 9 3 2013
3239;261;13 9 4 2013
3240;342;13 10 1 201
3241;342;13 10 2 201
3242;342;13 10 3 201
3243;342;13 10 4 201
3244;172;13 10 1 201
3245;172;13 10 2 201
3246;172;13 10 3 201
3247;172;13 10 4 201
3248;172;13 10 1 201
3249;172;13 10 2 201
3250;342;13 10 3 201
3251;342;13 10 4 201
3252;208;13 11 1 201
3253;208;13 11 2 201
3254;208;13 11 3 201
3255;208;13 11 4 201
3256;172;13 11 1 201
3257;172;13 11 2 201
3258;172;13 11 3 201
3259;172;13 11 4 201
3260;172;13 11 1 201
3261;172;13 11 2 201
3262;208;13 11 3 201
3263;208;13 11 4 201
3264;174;13 12 1 201
3265;174;13 12 2 201
3266;174;13 12 3 201
3267;174;13 12 4 201
3268;172;13 12 1 201
3269;172;13 12 2 201
3270;172;13 12 3 201
3271;172;13 12 4 201
3272;172;13 12 1 201
3273;172;13 12 2 201
3274;174;13 12 3 201
3275;174;13 12 4 201
3276;0;13 13 1 201
3277;0;13 13 2 201
3278;0;13 13 3 201
3279;0;13 13 4 201
3280;0;13 13 1 201
3281;0;13 13 2 201
3282;0;13 13 3 201
3283;0;13 13 4 201
3284;0;13 13 1 201
3285;0;13 13 2 201
3286;0;13 13 3 201
3287;0;13 13 4 201
3288;317;13 14 1 201
3289;317;13 14 2 201
3290;317;13 14 3 201
3291;317;13 14 4 201
3292;172;13 14 1 201
3293;172;13 14 2 201
3294;172;13 14 3 201
3295;172;13 14 4 201
3296;172;13 14 1 201
3297;172;13 14 2 201
3298;317;13 14 3 201
3299;317;13 14 4 201
3300;380;13 15 1 201
3301;380;13 15 2 201
3302;380;13 15 3 201
3303;380;13 15 4 201
3304;172;13 15 1 201
3305;172;13 15 2 201
3306;172;13 15 3 201
3307;172;13 15 4 201
3308;172;13 15 1 201
3309;172;13 15 2 201
3310;380;13 15 3 201
3311;380;13 15 4 201
3312;301;13 16 1 201
3313;301;13 16 2 201
3314;301;13 16 3 201
3315;301;13 16 4 201
3316;172;13 16 1 201
3317;172;13 16 2 201
3318;172;13 16 3 201
3319;172;13 16 4 201
3320;172;13 16 1 201
3321;172;13 16 2 201
3322;301;13 16 3 201
3323;301;13 16 4 201
3324;119;13 17 1 201
3325;119;13 17 2 201
3326;119;13 17 3 201
3327;119;13 17 4 201
3328;172;13 17 1 201
3329;172;13 17 2 201
3330;172;13 17 3 201
3331;172;13 17 4 201
3332;172;13 17 1 201
3333;119;13 17 2 201
3334;119;13 17 3 201
3335;119;13 17 4 201
3336;168;13 18 1 201
3337;168;13 18 2 201
3338;168;13 18 3 201
3339;168;13 18 4 201
3340;172;13 18 1 201
3341;172;13 18 2 201
3342;172;13 18 3 201
3343;172;13 18 4 201
3344;172;13 18 1 201
3345;172;13 18 2 201
3346;168;13 18 3 201
3347;168;13 18 4 201
3348;0;13 19 1 201
3349;0;13 19 2 201
3350;0;13 19 3 201
3351;0;13 19 4 201
3352;0;13 19 1 201
3353;0;13 19 2 201
3354;0;13 19 3 201
3355;0;13 19 4 201
3356;0;13 19 1 201
3357;0;13 19 2 201
3358;0;13 19 3 201
3359;0;13 19 4 201
3360;284;14 0 1 2011
3361;284;14 0 2 2011
3362;284;14 0 3 2011
3363;284;14 0 4 2011
3364;172;14 0 1 2012
3365;172;14 0 2 2012
3366;172;14 0 3 2012
3367;172;14 0 4 2012
3368;172;14 0 1 2013
3369;172;14 0 2 2013
3370;284;14 0 3 2013
3371;284;14 0 4 2013
3372;259;14 1 1 2011
3373;259;14 1 2 2011
3374;259;14 1 3 2011
3375;259;14 1 4 2011
3376;172;14 1 1 2012
3377;172;14 1 2 2012
3378;172;14 1 3 2012
3379;172;14 1 4 2012
3380;172;14 1 1 2013
3381;172;14 1 2 2013
3382;259;14 1 3 2013
3383;259;14 1 4 2013
3384;172;14 2 1 2011
3385;172;14 2 2 2011
3386;172;14 2 3 2011
3387;172;14 2 4 2011
3388;172;14 2 1 2012
3389;172;14 2 2 2012
3390;172;14 2 3 2012
3391;172;14 2 4 2012
3392;172;14 2 1 2013
3393;172;14 2 2 2013
3394;172;14 2 3 2013
3395;172;14 2 4 2013
3396;257;14 3 1 2011
3397;257;14 3 2 2011
3398;257;14 3 3 2011
3399;257;14 3 4 2011
3400;172;14 3 1 2012
3401;172;14 3 2 2012
3402;172;14 3 3 2012
3403;172;14 3 4 2012
3404;172;14 3 1 2013
3405;172;14 3 2 2013
3406;257;14 3 3 2013
3407;257;14 3 4 2013
3408;172;14 4 1 2011
3409;172;14 4 2 2011
3410;172;14 4 3 2011
3411;172;14 4 4 2011
3412;172;14 4 1 2012
3413;172;14 4 2 2012
3414;172;14 4 3 2012
3415;172;14 4 4 2012
3416;172;14 4 1 2013
3417;172;14 4 2 2013
3418;172;14 4 3 2013
3419;172;14 4 4 2013
3420;270;14 5 1 2011
3421;270;14 5 2 2011
3422;270;14 5 3 2011
3423;270;14 5 4 2011
3424;172;14 5 1 2012
3425;172;14 5 2 2012
3426;172;14 5 3 2012
3427;172;14 5 4 2012
3428;172;14 5 1 2013
3429;172;14 5 2 2013
3430;270;14 5 3 2013
3431;270;14 5 4 2013
3432;163;14 6 1 2011
3433;163;14 6 2 2011
3434;163;14 6 3 2011
3435;163;14 6 4 2011
3436;172;14 6 1 2012
3437;172;14 6 2 2012
3438;172;14 6 3 2012
3439;172;14 6 4 2012
3440;172;14 6 1 2013
3441;172;14 6 2 2013
3442;163;14 6 3 2013
3443;163;14 6 4 2013
3444;304;14 7 1 2011
3445;304;14 7 2 2011
3446;304;14 7 3 2011
3447;304;14 7 4 2011
3448;172;14 7 1 2012
3449;172;14 7 2 2012
3450;172;14 7 3 2012
3451;172;14 7 4 2012
3452;172;14 7 1 2013
3453;172;14 7 2 2013
3454;304;14 7 3 2013
3455;304;14 7 4 2013
3456;159;14 8 1 2011
3457;159;14 8 2 2011
3458;159;14 8 3 2011
3459;159;14 8 4 2011
3460;172;14 8 1 2012
3461;172;14 8 2 2012
3462;172;14 8 3 2012
3463;172;14 8 4 2012
3464;172;14 8 1 2013
3465;172;14 8 2 2013
3466;159;14 8 3 2013
3467;159;14 8 4 2013
3468;196;14 9 1 2011
3469;196;14 9 2 2011
3470;196;14 9 3 2011
3471;196;14 9 4 2011
3472;172;14 9 1 2012
3473;172;14 9 2 2012
3474;172;14 9 3 2012
3475;172;14 9 4 2012
3476;172;14 9 1 2013
3477;172;14 9 2 2013
3478;196;14 9 3 2013
3479;196;14 9 4 2013
3480;271;14 10 1 201
3481;271;14 10 2 201
3482;271;14 10 3 201
3483;271;14 10 4 201
3484;172;14 10 1 201
3485;172;14 10 2 201
3486;172;14 10 3 201
3487;172;14 10 4 201
3488;172;14 10 1 201
3489;172;14 10 2 201
3490;271;14 10 3 201
3491;271;14 10 4 201
3492;321;14 11 1 201
3493;321;14 11 2 201
3494;321;14 11 3 201
3495;321;14 11 4 201
3496;172;14 11 1 201
3497;172;14 11 2 201
3498;172;14 11 3 201
3499;172;14 11 4 201
3500;172;14 11 1 201
3501;172;14 11 2 201
3502;321;14 11 3 201
3503;321;14 11 4 201
3504;275;14 12 1 201
3505;275;14 12 2 201
3506;275;14 12 3 201
3507;275;14 12 4 201
3508;172;14 12 1 201
3509;172;14 12 2 201
3510;172;14 12 3 201
3511;172;14 12 4 201
3512;172;14 12 1 201
3513;172;14 12 2 201
3514;275;14 12 3 201
3515;275;14 12 4 201
3516;323;14 13 1 201
3517;323;14 13 2 201
3518;323;14 13 3 201
3519;323;14 13 4 201
3520;172;14 13 1 201
3521;172;14 13 2 201
3522;172;14 13 3 201
3523;172;14 13 4 201
3524;172;14 13 1 201
3525;172;14 13 2 201
3526;323;14 13 3 201
3527;323;14 13 4 201
3528;0;14 14 1 201
3529;0;14 14 2 201
3530;0;14 14 3 201
3531;0;14 14 4 201
3532;0;14 14 1 201
3533;0;14 14 2 201
3534;0;14 14 3 201
3535;0;14 14 4 201
3536;0;14 14 1 201
3537;0;14 14 2 201
3538;0;14 14 3 201
3539;0;14 14 4 201
3540;230;14 15 1 201
3541;230;14 15 2 201
3542;230;14 15 3 201
3543;230;14 15 4 201
3544;172;14 15 1 201
3545;172;14 15 2 201
3546;172;14 15 3 201
3547;172;14 15 4 201
3548;172;14 15 1 201
3549;172;14 15 2 201
3550;230;14 15 3 201
3551;230;14 15 4 201
3552;316;14 16 1 201
3553;316;14 16 2 201
3554;316;14 16 3 201
3555;316;14 16 4 201
3556;172;14 16 1 201
3557;172;14 16 2 201
3558;172;14 16 3 201
3559;172;14 16 4 201
3560;172;14 16 1 201
3561;172;14 16 2 201
3562;316;14 16 3 201
3563;316;14 16 4 201
3564;282;14 17 1 201
3565;282;14 17 2 201
3566;282;14 17 3 201
3567;282;14 17 4 201
3568;172;14 17 1 201
3569;172;14 17 2 201
3570;172;14 17 3 201
3571;172;14 17 4 201
3572;172;14 17 1 201
3573;172;14 17 2 201
3574;282;14 17 3 201
3575;282;14 17 4 201
3576;286;14 18 1 201
3577;286;14 18 2 201
3578;286;14 18 3 201
3579;286;14 18 4 201
3580;172;14 18 1 201
3581;172;14 18 2 201
3582;172;14 18 3 201
3583;172;14 18 4 201
3584;172;14 18 1 201
3585;172;14 18 2 201
3586;286;14 18 3 201
3587;286;14 18 4 201
3588;259;14 19 1 201
3589;259;14 19 2 201
3590;259;14 19 3 201
3591;259;14 19 4 201
3592;172;14 19 1 201
3593;172;14 19 2 201
3594;172;14 19 3 201
3595;172;14 19 4 201
3596;172;14 19 1 201
3597;172;14 19 2 201
3598;259;14 19 3 201
3599;259;14 19 4 201
3600;230;15 0 1 2011
3601;230;15 0 2 2011
3602;230;15 0 3 2011
3603;230;15 0 4 2011
3604;172;15 0 1 2012
3605;172;15 0 2 2012
3606;172;15 0 3 2012
3607;172;15 0 4 2012
3608;172;15 0 1 2013
3609;172;15 0 2 2013
3610;230;15 0 3 2013
3611;230;15 0 4 2013
3612;130;15 1 1 2011
3613;130;15 1 2 2011
3614;130;15 1 3 2011
3615;130;15 1 4 2011
3616;172;15 1 1 2012
3617;172;15 1 2 2012
3618;172;15 1 3 2012
3619;172;15 1 4 2012
3620;172;15 1 1 2013
3621;172;15 1 2 2013
3622;130;15 1 3 2013
3623;130;15 1 4 2013
3624;267;15 2 1 2011
3625;267;15 2 2 2011
3626;267;15 2 3 2011
3627;267;15 2 4 2011
3628;172;15 2 1 2012
3629;172;15 2 2 2012
3630;172;15 2 3 2012
3631;172;15 2 4 2012
3632;172;15 2 1 2013
3633;172;15 2 2 2013
3634;267;15 2 3 2013
3635;267;15 2 4 2013
3636;237;15 3 1 2011
3637;237;15 3 2 2011
3638;237;15 3 3 2011
3639;237;15 3 4 2011
3640;172;15 3 1 2012
3641;172;15 3 2 2012
3642;172;15 3 3 2012
3643;172;15 3 4 2012
3644;172;15 3 1 2013
3645;172;15 3 2 2013
3646;237;15 3 3 2013
3647;237;15 3 4 2013
3648;140;15 4 1 2011
3649;140;15 4 2 2011
3650;140;15 4 3 2011
3651;140;15 4 4 2011
3652;172;15 4 1 2012
3653;172;15 4 2 2012
3654;172;15 4 3 2012
3655;172;15 4 4 2012
3656;172;15 4 1 2013
3657;172;15 4 2 2013
3658;140;15 4 3 2013
3659;140;15 4 4 2013
3660;217;15 5 1 2011
3661;217;15 5 2 2011
3662;217;15 5 3 2011
3663;217;15 5 4 2011
3664;172;15 5 1 2012
3665;172;15 5 2 2012
3666;172;15 5 3 2012
3667;172;15 5 4 2012
3668;172;15 5 1 2013
3669;172;15 5 2 2013
3670;217;15 5 3 2013
3671;217;15 5 4 2013
3672;297;15 6 1 2011
3673;297;15 6 2 2011
3674;297;15 6 3 2011
3675;297;15 6 4 2011
3676;172;15 6 1 2012
3677;172;15 6 2 2012
3678;172;15 6 3 2012
3679;172;15 6 4 2012
3680;172;15 6 1 2013
3681;172;15 6 2 2013
3682;297;15 6 3 2013
3683;297;15 6 4 2013
3684;299;15 7 1 2011
3685;299;15 7 2 2011
3686;299;15 7 3 2011
3687;299;15 7 4 2011
3688;172;15 7 1 2012
3689;172;15 7 2 2012
3690;172;15 7 3 2012
3691;172;15 7 4 2012
3692;172;15 7 1 2013
3693;172;15 7 2 2013
3694;299;15 7 3 2013
3695;299;15 7 4 2013
3696;192;15 8 1 2011
3697;192;15 8 2 2011
3698;192;15 8 3 2011
3699;192;15 8 4 2011
3700;172;15 8 1 2012
3701;172;15 8 2 2012
3702;172;15 8 3 2012
3703;172;15 8 4 2012
3704;172;15 8 1 2013
3705;172;15 8 2 2013
3706;192;15 8 3 2013
3707;192;15 8 4 2013
3708;200;15 9 1 2011
3709;200;15 9 2 2011
3710;200;15 9 3 2011
3711;200;15 9 4 2011
3712;172;15 9 1 2012
3713;172;15 9 2 2012
3714;172;15 9 3 2012
3715;172;15 9 4 2012
3716;172;15 9 1 2013
3717;172;15 9 2 2013
3718;200;15 9 3 2013
3719;200;15 9 4 2013
3720;363;15 10 1 201
3721;363;15 10 2 201
3722;363;15 10 3 201
3723;363;15 10 4 201
3724;172;15 10 1 201
3725;172;15 10 2 201
3726;172;15 10 3 201
3727;172;15 10 4 201
3728;172;15 10 1 201
3729;172;15 10 2 201
3730;363;15 10 3 201
3731;363;15 10 4 201
3732;264;15 11 1 201
3733;264;15 11 2 201
3734;264;15 11 3 201
3735;264;15 11 4 201
3736;172;15 11 1 201
3737;172;15 11 2 201
3738;172;15 11 3 201
3739;172;15 11 4 201
3740;172;15 11 1 201
3741;172;15 11 2 201
3742;264;15 11 3 201
3743;264;15 11 4 201
3744;200;15 12 1 201
3745;200;15 12 2 201
3746;200;15 12 3 201
3747;200;15 12 4 201
3748;172;15 12 1 201
3749;172;15 12 2 201
3750;172;15 12 3 201
3751;172;15 12 4 201
3752;172;15 12 1 201
3753;172;15 12 2 201
3754;200;15 12 3 201
3755;200;15 12 4 201
3756;380;15 13 1 201
3757;380;15 13 2 201
3758;380;15 13 3 201
3759;380;15 13 4 201
3760;172;15 13 1 201
3761;172;15 13 2 201
3762;172;15 13 3 201
3763;172;15 13 4 201
3764;172;15 13 1 201
3765;172;15 13 2 201
3766;380;15 13 3 201
3767;380;15 13 4 201
3768;230;15 14 1 201
3769;230;15 14 2 201
3770;230;15 14 3 201
3771;230;15 14 4 201
3772;172;15 14 1 201
3773;172;15 14 2 201
3774;172;15 14 3 201
3775;172;15 14 4 201
3776;172;15 14 1 201
3777;172;15 14 2 201
3778;230;15 14 3 201
3779;230;15 14 4 201
3780;0;15 15 1 201
3781;0;15 15 2 201
3782;0;15 15 3 201
3783;0;15 15 4 201
3784;0;15 15 1 201
3785;0;15 15 2 201
3786;0;15 15 3 201
3787;0;15 15 4 201
3788;0;15 15 1 201
3789;0;15 15 2 201
3790;0;15 15 3 201
3791;0;15 15 4 201
3792;310;15 16 1 201
3793;310;15 16 2 201
3794;310;15 16 3 201
3795;310;15 16 4 201
3796;172;15 16 1 201
3797;172;15 16 2 201
3798;172;15 16 3 201
3799;172;15 16 4 201
3800;172;15 16 1 201
3801;172;15 16 2 201
3802;310;15 16 3 201
3803;310;15 16 4 201
3804;320;15 17 1 201
3805;320;15 17 2 201
3806;320;15 17 3 201
3807;320;15 17 4 201
3808;172;15 17 1 201
3809;172;15 17 2 201
3810;172;15 17 3 201
3811;172;15 17 4 201
3812;172;15 17 1 201
3813;172;15 17 2 201
3814;320;15 17 3 201
3815;320;15 17 4 201
3816;275;15 18 1 201
3817;275;15 18 2 201
3818;275;15 18 3 201
3819;275;15 18 4 201
3820;172;15 18 1 201
3821;172;15 18 2 201
3822;172;15 18 3 201
3823;172;15 18 4 201
3824;172;15 18 1 201
3825;172;15 18 2 201
3826;275;15 18 3 201
3827;275;15 18 4 201
3828;285;15 19 1 201
3829;285;15 19 2 201
3830;285;15 19 3 201
3831;285;15 19 4 201
3832;172;15 19 1 201
3833;172;15 19 2 201
3834;172;15 19 3 201
3835;172;15 19 4 201
3836;172;15 19 1 201
3837;172;15 19 2 201
3838;285;15 19 3 201
3839;285;15 19 4 201
3840;203;16 0 1 2011
3841;203;16 0 2 2011
3842;203;16 0 3 2011
3843;203;16 0 4 2011
3844;172;16 0 1 2012
3845;172;16 0 2 2012
3846;172;16 0 3 2012
3847;172;16 0 4 2012
3848;172;16 0 1 2013
3849;172;16 0 2 2013
3850;203;16 0 3 2013
3851;203;16 0 4 2013
3852;146;16 1 1 2011
3853;146;16 1 2 2011
3854;146;16 1 3 2011
3855;146;16 1 4 2011
3856;172;16 1 1 2012
3857;172;16 1 2 2012
3858;172;16 1 3 2012
3859;172;16 1 4 2012
3860;172;16 1 1 2013
3861;172;16 1 2 2013
3862;146;16 1 3 2013
3863;146;16 1 4 2013
3864;284;16 2 1 2011
3865;284;16 2 2 2011
3866;284;16 2 3 2011
3867;284;16 2 4 2011
3868;172;16 2 1 2012
3869;172;16 2 2 2012
3870;172;16 2 3 2012
3871;172;16 2 4 2012
3872;172;16 2 1 2013
3873;172;16 2 2 2013
3874;284;16 2 3 2013
3875;284;16 2 4 2013
3876;244;16 3 1 2011
3877;244;16 3 2 2011
3878;244;16 3 3 2011
3879;244;16 3 4 2011
3880;172;16 3 1 2012
3881;172;16 3 2 2012
3882;172;16 3 3 2012
3883;172;16 3 4 2012
3884;172;16 3 1 2013
3885;172;16 3 2 2013
3886;244;16 3 3 2013
3887;244;16 3 4 2013
3888;184;16 4 1 2011
3889;184;16 4 2 2011
3890;184;16 4 3 2011
3891;184;16 4 4 2011
3892;172;16 4 1 2012
3893;172;16 4 2 2012
3894;172;16 4 3 2012
3895;172;16 4 4 2012
3896;172;16 4 1 2013
3897;172;16 4 2 2013
3898;184;16 4 3 2013
3899;184;16 4 4 2013
3900;224;16 5 1 2011
3901;224;16 5 2 2011
3902;224;16 5 3 2011
3903;224;16 5 4 2011
3904;172;16 5 1 2012
3905;172;16 5 2 2012
3906;172;16 5 3 2012
3907;172;16 5 4 2012
3908;172;16 5 1 2013
3909;172;16 5 2 2013
3910;224;16 5 3 2013
3911;224;16 5 4 2013
3912;327;16 6 1 2011
3913;327;16 6 2 2011
3914;327;16 6 3 2011
3915;327;16 6 4 2011
3916;172;16 6 1 2012
3917;172;16 6 2 2012
3918;172;16 6 3 2012
3919;172;16 6 4 2012
3920;172;16 6 1 2013
3921;172;16 6 2 2013
3922;327;16 6 3 2013
3923;327;16 6 4 2013
3924;273;16 7 1 2011
3925;273;16 7 2 2011
3926;273;16 7 3 2011
3927;273;16 7 4 2011
3928;172;16 7 1 2012
3929;172;16 7 2 2012
3930;172;16 7 3 2012
3931;172;16 7 4 2012
3932;172;16 7 1 2013
3933;172;16 7 2 2013
3934;273;16 7 3 2013
3935;273;16 7 4 2013
3936;194;16 8 1 2011
3937;194;16 8 2 2011
3938;194;16 8 3 2011
3939;194;16 8 4 2011
3940;172;16 8 1 2012
3941;172;16 8 2 2012
3942;172;16 8 3 2012
3943;172;16 8 4 2012
3944;172;16 8 1 2013
3945;172;16 8 2 2013
3946;194;16 8 3 2013
3947;194;16 8 4 2013
3948;238;16 9 1 2011
3949;238;16 9 2 2011
3950;238;16 9 3 2011
3951;238;16 9 4 2011
3952;172;16 9 1 2012
3953;172;16 9 2 2012
3954;172;16 9 3 2012
3955;172;16 9 4 2012
3956;172;16 9 1 2013
3957;172;16 9 2 2013
3958;238;16 9 3 2013
3959;238;16 9 4 2013
3960;318;16 10 1 201
3961;318;16 10 2 201
3962;318;16 10 3 201
3963;318;16 10 4 201
3964;172;16 10 1 201
3965;172;16 10 2 201
3966;172;16 10 3 201
3967;172;16 10 4 201
3968;172;16 10 1 201
3969;172;16 10 2 201
3970;318;16 10 3 201
3971;318;16 10 4 201
3972;188;16 11 1 201
3973;188;16 11 2 201
3974;188;16 11 3 201
3975;188;16 11 4 201
3976;172;16 11 1 201
3977;172;16 11 2 201
3978;172;16 11 3 201
3979;172;16 11 4 201
3980;172;16 11 1 201
3981;172;16 11 2 201
3982;188;16 11 3 201
3983;188;16 11 4 201
3984;156;16 12 1 201
3985;156;16 12 2 201
3986;156;16 12 3 201
3987;156;16 12 4 201
3988;172;16 12 1 201
3989;172;16 12 2 201
3990;172;16 12 3 201
3991;172;16 12 4 201
3992;172;16 12 1 201
3993;172;16 12 2 201
3994;156;16 12 3 201
3995;156;16 12 4 201
3996;302;16 13 1 201
3997;302;16 13 2 201
3998;302;16 13 3 201
3999;302;16 13 4 201
4000;172;16 13 1 201
4001;172;16 13 2 201
4002;172;16 13 3 201
4003;172;16 13 4 201
4004;172;16 13 1 201
4005;172;16 13 2 201
4006;302;16 13 3 201
4007;302;16 13 4 201
4008;315;16 14 1 201
4009;315;16 14 2 201
4010;315;16 14 3 201
4011;315;16 14 4 201
4012;172;16 14 1 201
4013;172;16 14 2 201
4014;172;16 14 3 201
4015;172;16 14 4 201
4016;172;16 14 1 201
4017;172;16 14 2 201
4018;315;16 14 3 201
4019;315;16 14 4 201
4020;308;16 15 1 201
4021;308;16 15 2 201
4022;308;16 15 3 201
4023;308;16 15 4 201
4024;172;16 15 1 201
4025;172;16 15 2 201
4026;172;16 15 3 201
4027;172;16 15 4 201
4028;172;16 15 1 201
4029;172;16 15 2 201
4030;308;16 15 3 201
4031;308;16 15 4 201
4032;0;16 16 1 201
4033;0;16 16 2 201
4034;0;16 16 3 201
4035;0;16 16 4 201
4036;0;16 16 1 201
4037;0;16 16 2 201
4038;0;16 16 3 201
4039;0;16 16 4 201
4040;0;16 16 1 201
4041;0;16 16 2 201
4042;0;16 16 3 201
4043;0;16 16 4 201
4044;301;16 17 1 201
4045;301;16 17 2 201
4046;301;16 17 3 201
4047;301;16 17 4 201
4048;172;16 17 1 201
4049;172;16 17 2 201
4050;172;16 17 3 201
4051;172;16 17 4 201
4052;172;16 17 1 201
4053;172;16 17 2 201
4054;301;16 17 3 201
4055;301;16 17 4 201
4056;296;16 18 1 201
4057;296;16 18 2 201
4058;296;16 18 3 201
4059;296;16 18 4 201
4060;172;16 18 1 201
4061;172;16 18 2 201
4062;172;16 18 3 201
4063;172;16 18 4 201
4064;172;16 18 1 201
4065;172;16 18 2 201
4066;296;16 18 3 201
4067;296;16 18 4 201
4068;196;16 19 1 201
4069;196;16 19 2 201
4070;196;16 19 3 201
4071;196;16 19 4 201
4072;172;16 19 1 201
4073;172;16 19 2 201
4074;172;16 19 3 201
4075;172;16 19 4 201
4076;172;16 19 1 201
4077;172;16 19 2 201
4078;196;16 19 3 201
4079;196;16 19 4 201
4080;192;17 0 1 2011
4081;192;17 0 2 2011
4082;192;17 0 3 2011
4083;192;17 0 4 2011
4084;172;17 0 1 2012
4085;172;17 0 2 2012
4086;172;17 0 3 2012
4087;172;17 0 4 2012
4088;172;17 0 1 2013
4089;172;17 0 2 2013
4090;192;17 0 3 2013
4091;192;17 0 4 2013
4092;213;17 1 1 2011
4093;213;17 1 2 2011
4094;213;17 1 3 2011
4095;213;17 1 4 2011
4096;172;17 1 1 2012
4097;172;17 1 2 2012
4098;172;17 1 3 2012
4099;172;17 1 4 2012
4100;172;17 1 1 2013
4101;172;17 1 2 2013
4102;213;17 1 3 2013
4103;213;17 1 4 2013
4104;264;17 2 1 2011
4105;264;17 2 2 2011
4106;264;17 2 3 2011
4107;264;17 2 4 2011
4108;172;17 2 1 2012
4109;172;17 2 2 2012
4110;172;17 2 3 2012
4111;172;17 2 4 2012
4112;172;17 2 1 2013
4113;172;17 2 2 2013
4114;264;17 2 3 2013
4115;264;17 2 4 2013
4116;258;17 3 1 2011
4117;258;17 3 2 2011
4118;258;17 3 3 2011
4119;258;17 3 4 2011
4120;172;17 3 1 2012
4121;172;17 3 2 2012
4122;172;17 3 3 2012
4123;172;17 3 4 2012
4124;172;17 3 1 2013
4125;172;17 3 2 2013
4126;258;17 3 3 2013
4127;258;17 3 4 2013
4128;225;17 4 1 2011
4129;225;17 4 2 2011
4130;225;17 4 3 2011
4131;225;17 4 4 2011
4132;172;17 4 1 2012
4133;172;17 4 2 2012
4134;172;17 4 3 2012
4135;172;17 4 4 2012
4136;172;17 4 1 2013
4137;172;17 4 2 2013
4138;225;17 4 3 2013
4139;225;17 4 4 2013
4140;323;17 5 1 2011
4141;323;17 5 2 2011
4142;323;17 5 3 2011
4143;323;17 5 4 2011
4144;172;17 5 1 2012
4145;172;17 5 2 2012
4146;172;17 5 3 2012
4147;172;17 5 4 2012
4148;172;17 5 1 2013
4149;172;17 5 2 2013
4150;323;17 5 3 2013
4151;323;17 5 4 2013
4152;300;17 6 1 2011
4153;300;17 6 2 2011
4154;300;17 6 3 2011
4155;300;17 6 4 2011
4156;172;17 6 1 2012
4157;172;17 6 2 2012
4158;172;17 6 3 2012
4159;172;17 6 4 2012
4160;172;17 6 1 2013
4161;172;17 6 2 2013
4162;300;17 6 3 2013
4163;300;17 6 4 2013
4164;260;17 7 1 2011
4165;260;17 7 2 2011
4166;260;17 7 3 2011
4167;260;17 7 4 2011
4168;172;17 7 1 2012
4169;172;17 7 2 2012
4170;172;17 7 3 2012
4171;172;17 7 4 2012
4172;172;17 7 1 2013
4173;172;17 7 2 2013
4174;260;17 7 3 2013
4175;260;17 7 4 2013
4176;229;17 8 1 2011
4177;229;17 8 2 2011
4178;229;17 8 3 2011
4179;229;17 8 4 2011
4180;172;17 8 1 2012
4181;172;17 8 2 2012
4182;172;17 8 3 2012
4183;172;17 8 4 2012
4184;172;17 8 1 2013
4185;172;17 8 2 2013
4186;229;17 8 3 2013
4187;229;17 8 4 2013
4188;254;17 9 1 2011
4189;254;17 9 2 2011
4190;254;17 9 3 2011
4191;254;17 9 4 2011
4192;172;17 9 1 2012
4193;172;17 9 2 2012
4194;172;17 9 3 2012
4195;172;17 9 4 2012
4196;172;17 9 1 2013
4197;172;17 9 2 2013
4198;254;17 9 3 2013
4199;254;17 9 4 2013
4200;248;17 10 1 201
4201;248;17 10 2 201
4202;248;17 10 3 201
4203;248;17 10 4 201
4204;172;17 10 1 201
4205;172;17 10 2 201
4206;172;17 10 3 201
4207;172;17 10 4 201
4208;172;17 10 1 201
4209;172;17 10 2 201
4210;248;17 10 3 201
4211;248;17 10 4 201
4212;200;17 11 1 201
4213;200;17 11 2 201
4214;200;17 11 3 201
4215;200;17 11 4 201
4216;172;17 11 1 201
4217;172;17 11 2 201
4218;172;17 11 3 201
4219;172;17 11 4 201
4220;172;17 11 1 201
4221;172;17 11 2 201
4222;200;17 11 3 201
4223;200;17 11 4 201
4224;154;17 12 1 201
4225;154;17 12 2 201
4226;154;17 12 3 201
4227;154;17 12 4 201
4228;172;17 12 1 201
4229;172;17 12 2 201
4230;172;17 12 3 201
4231;172;17 12 4 201
4232;172;17 12 1 201
4233;172;17 12 2 201
4234;154;17 12 3 201
4235;154;17 12 4 201
4236;108;17 13 1 201
4237;108;17 13 2 201
4238;108;17 13 3 201
4239;108;17 13 4 201
4240;172;17 13 1 201
4241;172;17 13 2 201
4242;172;17 13 3 201
4243;172;17 13 4 201
4244;172;17 13 1 201
4245;172;17 13 2 201
4246;108;17 13 3 201
4247;108;17 13 4 201
4248;286;17 14 1 201
4249;286;17 14 2 201
4250;286;17 14 3 201
4251;286;17 14 4 201
4252;172;17 14 1 201
4253;172;17 14 2 201
4254;172;17 14 3 201
4255;172;17 14 4 201
4256;172;17 14 1 201
4257;172;17 14 2 201
4258;286;17 14 3 201
4259;286;17 14 4 201
4260;317;17 15 1 201
4261;317;17 15 2 201
4262;317;17 15 3 201
4263;317;17 15 4 201
4264;172;17 15 1 201
4265;172;17 15 2 201
4266;172;17 15 3 201
4267;172;17 15 4 201
4268;172;17 15 1 201
4269;172;17 15 2 201
4270;317;17 15 3 201
4271;317;17 15 4 201
4272;304;17 16 1 201
4273;304;17 16 2 201
4274;304;17 16 3 201
4275;304;17 16 4 201
4276;172;17 16 1 201
4277;172;17 16 2 201
4278;172;17 16 3 201
4279;172;17 16 4 201
4280;172;17 16 1 201
4281;172;17 16 2 201
4282;304;17 16 3 201
4283;304;17 16 4 201
4284;0;17 17 1 201
4285;0;17 17 2 201
4286;0;17 17 3 201
4287;0;17 17 4 201
4288;0;17 17 1 201
4289;0;17 17 2 201
4290;0;17 17 3 201
4291;0;17 17 4 201
4292;0;17 17 1 201
4293;0;17 17 2 201
4294;0;17 17 3 201
4295;0;17 17 4 201
4296;234;17 18 1 201
4297;234;17 18 2 201
4298;234;17 18 3 201
4299;234;17 18 4 201
4300;172;17 18 1 201
4301;172;17 18 2 201
4302;172;17 18 3 201
4303;172;17 18 4 201
4304;172;17 18 1 201
4305;172;17 18 2 201
4306;234;17 18 3 201
4307;234;17 18 4 201
4308;182;17 19 1 201
4309;182;17 19 2 201
4310;182;17 19 3 201
4311;182;17 19 4 201
4312;172;17 19 1 201
4313;172;17 19 2 201
4314;172;17 19 3 201
4315;172;17 19 4 201
4316;172;17 19 1 201
4317;172;17 19 2 201
4318;182;17 19 3 201
4319;182;17 19 4 201
4320;209;18 0 1 2011
4321;209;18 0 2 2011
4322;209;18 0 3 2011
4323;209;18 0 4 2011
4324;172;18 0 1 2012
4325;172;18 0 2 2012
4326;172;18 0 3 2012
4327;172;18 0 4 2012
4328;172;18 0 1 2013
4329;172;18 0 2 2013
4330;209;18 0 3 2013
4331;209;18 0 4 2013
4332;172;18 1 1 2011
4333;172;18 1 2 2011
4334;172;18 1 3 2011
4335;172;18 1 4 2011
4336;172;18 1 1 2012
4337;172;18 1 2 2012
4338;172;18 1 3 2012
4339;172;18 1 4 2012
4340;172;18 1 1 2013
4341;172;18 1 2 2013
4342;172;18 1 3 2013
4343;172;18 1 4 2013
4344;288;18 2 1 2011
4345;288;18 2 2 2011
4346;288;18 2 3 2011
4347;288;18 2 4 2011
4348;172;18 2 1 2012
4349;172;18 2 2 2012
4350;172;18 2 3 2012
4351;172;18 2 4 2012
4352;172;18 2 1 2013
4353;172;18 2 2 2013
4354;288;18 2 3 2013
4355;288;18 2 4 2013
4356;240;18 3 1 2011
4357;240;18 3 2 2011
4358;240;18 3 3 2011
4359;240;18 3 4 2011
4360;172;18 3 1 2012
4361;172;18 3 2 2012
4362;172;18 3 3 2012
4363;172;18 3 4 2012
4364;172;18 3 1 2013
4365;172;18 3 2 2013
4366;240;18 3 3 2013
4367;240;18 3 4 2013
4368;229;18 4 1 2011
4369;229;18 4 2 2011
4370;229;18 4 3 2011
4371;229;18 4 4 2011
4372;172;18 4 1 2012
4373;172;18 4 2 2012
4374;172;18 4 3 2012
4375;172;18 4 4 2012
4376;172;18 4 1 2013
4377;172;18 4 2 2013
4378;229;18 4 3 2013
4379;229;18 4 4 2013
4380;134;18 5 1 2011
4381;134;18 5 2 2011
4382;134;18 5 3 2011
4383;134;18 5 4 2011
4384;172;18 5 1 2012
4385;172;18 5 2 2012
4386;172;18 5 3 2012
4387;172;18 5 4 2012
4388;172;18 5 1 2013
4389;172;18 5 2 2013
4390;134;18 5 3 2013
4391;134;18 5 4 2013
4392;329;18 6 1 2011
4393;329;18 6 2 2011
4394;329;18 6 3 2011
4395;329;18 6 4 2011
4396;172;18 6 1 2012
4397;172;18 6 2 2012
4398;172;18 6 3 2012
4399;172;18 6 4 2012
4400;172;18 6 1 2013
4401;172;18 6 2 2013
4402;329;18 6 3 2013
4403;329;18 6 4 2013
4404;148;18 7 1 2011
4405;148;18 7 2 2011
4406;148;18 7 3 2011
4407;148;18 7 4 2011
4408;172;18 7 1 2012
4409;172;18 7 2 2012
4410;172;18 7 3 2012
4411;172;18 7 4 2012
4412;172;18 7 1 2013
4413;172;18 7 2 2013
4414;148;18 7 3 2013
4415;148;18 7 4 2013
4416;251;18 8 1 2011
4417;251;18 8 2 2011
4418;251;18 8 3 2011
4419;251;18 8 4 2011
4420;172;18 8 1 2012
4421;172;18 8 2 2012
4422;172;18 8 3 2012
4423;172;18 8 4 2012
4424;172;18 8 1 2013
4425;172;18 8 2 2013
4426;251;18 8 3 2013
4427;251;18 8 4 2013
4428;233;18 9 1 2011
4429;233;18 9 2 2011
4430;233;18 9 3 2011
4431;233;18 9 4 2011
4432;172;18 9 1 2012
4433;172;18 9 2 2012
4434;172;18 9 3 2012
4435;172;18 9 4 2012
4436;172;18 9 1 2013
4437;172;18 9 2 2013
4438;233;18 9 3 2013
4439;233;18 9 4 2013
4440;335;18 10 1 201
4441;335;18 10 2 201
4442;335;18 10 3 201
4443;335;18 10 4 201
4444;172;18 10 1 201
4445;172;18 10 2 201
4446;172;18 10 3 201
4447;172;18 10 4 201
4448;172;18 10 1 201
4449;172;18 10 2 201
4450;335;18 10 3 201
4451;335;18 10 4 201
4452;215;18 11 1 201
4453;215;18 11 2 201
4454;215;18 11 3 201
4455;215;18 11 4 201
4456;172;18 11 1 201
4457;172;18 11 2 201
4458;172;18 11 3 201
4459;172;18 11 4 201
4460;172;18 11 1 201
4461;172;18 11 2 201
4462;215;18 11 3 201
4463;215;18 11 4 201
4464;175;18 12 1 201
4465;175;18 12 2 201
4466;175;18 12 3 201
4467;175;18 12 4 201
4468;172;18 12 1 201
4469;172;18 12 2 201
4470;172;18 12 3 201
4471;172;18 12 4 201
4472;172;18 12 1 201
4473;172;18 12 2 201
4474;175;18 12 3 201
4475;175;18 12 4 201
4476;168;18 13 1 201
4477;168;18 13 2 201
4478;168;18 13 3 201
4479;168;18 13 4 201
4480;172;18 13 1 201
4481;172;18 13 2 201
4482;172;18 13 3 201
4483;172;18 13 4 201
4484;172;18 13 1 201
4485;172;18 13 2 201
4486;168;18 13 3 201
4487;168;18 13 4 201
4488;284;18 14 1 201
4489;284;18 14 2 201
4490;284;18 14 3 201
4491;284;18 14 4 201
4492;172;18 14 1 201
4493;172;18 14 2 201
4494;172;18 14 3 201
4495;172;18 14 4 201
4496;172;18 14 1 201
4497;172;18 14 2 201
4498;284;18 14 3 201
4499;284;18 14 4 201
4500;276;18 15 1 201
4501;276;18 15 2 201
4502;276;18 15 3 201
4503;276;18 15 4 201
4504;172;18 15 1 201
4505;172;18 15 2 201
4506;172;18 15 3 201
4507;172;18 15 4 201
4508;172;18 15 1 201
4509;172;18 15 2 201
4510;276;18 15 3 201
4511;276;18 15 4 201
4512;295;18 16 1 201
4513;295;18 16 2 201
4514;295;18 16 3 201
4515;295;18 16 4 201
4516;172;18 16 1 201
4517;172;18 16 2 201
4518;172;18 16 3 201
4519;172;18 16 4 201
4520;172;18 16 1 201
4521;172;18 16 2 201
4522;295;18 16 3 201
4523;295;18 16 4 201
4524;233;18 17 1 201
4525;233;18 17 2 201
4526;233;18 17 3 201
4527;233;18 17 4 201
4528;172;18 17 1 201
4529;172;18 17 2 201
4530;172;18 17 3 201
4531;172;18 17 4 201
4532;172;18 17 1 201
4533;172;18 17 2 201
4534;233;18 17 3 201
4535;233;18 17 4 201
4536;0;18 18 1 201
4537;0;18 18 2 201
4538;0;18 18 3 201
4539;0;18 18 4 201
4540;0;18 18 1 201
4541;0;18 18 2 201
4542;0;18 18 3 201
4543;0;18 18 4 201
4544;0;18 18 1 201
4545;0;18 18 2 201
4546;0;18 18 3 201
4547;0;18 18 4 201
4548;237;18 19 1 201
4549;237;18 19 2 201
4550;237;18 19 3 201
4551;237;18 19 4 201
4552;172;18 19 1 201
4553;172;18 19 2 201
4554;172;18 19 3 201
4555;172;18 19 4 201
4556;172;18 19 1 201
4557;172;18 19 2 201
4558;237;18 19 3 201
4559;237;18 19 4 201
4560;187;19 0 1 2011
4561;187;19 0 2 2011
4562;187;19 0 3 2011
4563;187;19 0 4 2011
4564;172;19 0 1 2012
4565;172;19 0 2 2012
4566;172;19 0 3 2012
4567;172;19 0 4 2012
4568;172;19 0 1 2013
4569;172;19 0 2 2013
4570;187;19 0 3 2013
4571;187;19 0 4 2013
4572;179;19 1 1 2011
4573;179;19 1 2 2011
4574;179;19 1 3 2011
4575;179;19 1 4 2011
4576;172;19 1 1 2012
4577;172;19 1 2 2012
4578;172;19 1 3 2012
4579;172;19 1 4 2012
4580;172;19 1 1 2013
4581;172;19 1 2 2013
4582;179;19 1 3 2013
4583;179;19 1 4 2013
4584;285;19 2 1 2011
4585;285;19 2 2 2011
4586;285;19 2 3 2011
4587;285;19 2 4 2011
4588;172;19 2 1 2012
4589;172;19 2 2 2012
4590;172;19 2 3 2012
4591;172;19 2 4 2012
4592;172;19 2 1 2013
4593;172;19 2 2 2013
4594;285;19 2 3 2013
4595;285;19 2 4 2013
4596;342;19 3 1 2011
4597;342;19 3 2 2011
4598;342;19 3 3 2011
4599;342;19 3 4 2011
4600;172;19 3 1 2012
4601;172;19 3 2 2012
4602;172;19 3 3 2012
4603;172;19 3 4 2012
4604;172;19 3 1 2013
4605;172;19 3 2 2013
4606;342;19 3 3 2013
4607;342;19 3 4 2013
4608;203;19 4 1 2011
4609;203;19 4 2 2011
4610;203;19 4 3 2011
4611;203;19 4 4 2011
4612;172;19 4 1 2012
4613;172;19 4 2 2012
4614;172;19 4 3 2012
4615;172;19 4 4 2012
4616;172;19 4 1 2013
4617;172;19 4 2 2013
4618;203;19 4 3 2013
4619;203;19 4 4 2013
4620;0;19 5 1 2011
4621;0;19 5 2 2011
4622;0;19 5 3 2011
4623;0;19 5 4 2011
4624;0;19 5 1 2012
4625;0;19 5 2 2012
4626;0;19 5 3 2012
4627;0;19 5 4 2012
4628;0;19 5 1 2013
4629;0;19 5 2 2013
4630;0;19 5 3 2013
4631;0;19 5 4 2013
4632;310;19 6 1 2011
4633;310;19 6 2 2011
4634;310;19 6 3 2011
4635;310;19 6 4 2011
4636;172;19 6 1 2012
4637;172;19 6 2 2012
4638;172;19 6 3 2012
4639;172;19 6 4 2012
4640;172;19 6 1 2013
4641;172;19 6 2 2013
4642;310;19 6 3 2013
4643;310;19 6 4 2013
4644;151;19 7 1 2011
4645;151;19 7 2 2011
4646;151;19 7 3 2011
4647;151;19 7 4 2011
4648;172;19 7 1 2012
4649;172;19 7 2 2012
4650;172;19 7 3 2012
4651;172;19 7 4 2012
4652;172;19 7 1 2013
4653;172;19 7 2 2013
4654;151;19 7 3 2013
4655;151;19 7 4 2013
4656;254;19 8 1 2011
4657;254;19 8 2 2011
4658;254;19 8 3 2011
4659;254;19 8 4 2011
4660;172;19 8 1 2012
4661;172;19 8 2 2012
4662;172;19 8 3 2012
4663;172;19 8 4 2012
4664;172;19 8 1 2013
4665;172;19 8 2 2013
4666;254;19 8 3 2013
4667;254;19 8 4 2013
4668;245;19 9 1 2011
4669;245;19 9 2 2011
4670;245;19 9 3 2011
4671;245;19 9 4 2011
4672;172;19 9 1 2012
4673;172;19 9 2 2012
4674;172;19 9 3 2012
4675;172;19 9 4 2012
4676;172;19 9 1 2013
4677;172;19 9 2 2013
4678;245;19 9 3 2013
4679;245;19 9 4 2013
4680;322;19 10 1 201
4681;322;19 10 2 201
4682;322;19 10 3 201
4683;322;19 10 4 201
4684;172;19 10 1 201
4685;172;19 10 2 201
4686;172;19 10 3 201
4687;172;19 10 4 201
4688;172;19 10 1 201
4689;172;19 10 2 201
4690;322;19 10 3 201
4691;322;19 10 4 201
4692;187;19 11 1 201
4693;187;19 11 2 201
4694;187;19 11 3 201
4695;187;19 11 4 201
4696;172;19 11 1 201
4697;172;19 11 2 201
4698;172;19 11 3 201
4699;172;19 11 4 201
4700;172;19 11 1 201
4701;172;19 11 2 201
4702;187;19 11 3 201
4703;187;19 11 4 201
4704;155;19 12 1 201
4705;155;19 12 2 201
4706;155;19 12 3 201
4707;155;19 12 4 201
4708;172;19 12 1 201
4709;172;19 12 2 201
4710;172;19 12 3 201
4711;172;19 12 4 201
4712;172;19 12 1 201
4713;172;19 12 2 201
4714;155;19 12 3 201
4715;155;19 12 4 201
4716;0;19 13 1 201
4717;0;19 13 2 201
4718;0;19 13 3 201
4719;0;19 13 4 201
4720;0;19 13 1 201
4721;0;19 13 2 201
4722;0;19 13 3 201
4723;0;19 13 4 201
4724;0;19 13 1 201
4725;0;19 13 2 201
4726;0;19 13 3 201
4727;0;19 13 4 201
4728;261;19 14 1 201
4729;261;19 14 2 201
4730;261;19 14 3 201
4731;261;19 14 4 201
4732;172;19 14 1 201
4733;172;19 14 2 201
4734;172;19 14 3 201
4735;172;19 14 4 201
4736;172;19 14 1 201
4737;172;19 14 2 201
4738;261;19 14 3 201
4739;261;19 14 4 201
4740;282;19 15 1 201
4741;282;19 15 2 201
4742;282;19 15 3 201
4743;282;19 15 4 201
4744;172;19 15 1 201
4745;172;19 15 2 201
4746;172;19 15 3 201
4747;172;19 15 4 201
4748;172;19 15 1 201
4749;172;19 15 2 201
4750;282;19 15 3 201
4751;282;19 15 4 201
4752;198;19 16 1 201
4753;198;19 16 2 201
4754;198;19 16 3 201
4755;198;19 16 4 201
4756;172;19 16 1 201
4757;172;19 16 2 201
4758;172;19 16 3 201
4759;172;19 16 4 201
4760;172;19 16 1 201
4761;172;19 16 2 201
4762;198;19 16 3 201
4763;198;19 16 4 201
4764;101;19 17 1 201
4765;101;19 17 2 201
4766;101;19 17 3 201
4767;101;19 17 4 201
4768;172;19 17 1 201
4769;172;19 17 2 201
4770;172;19 17 3 201
4771;172;19 17 4 201
4772;172;19 17 1 201
4773;172;19 17 2 201
4774;101;19 17 3 201
4775;101;19 17 4 201
4776;237;19 18 1 201
4777;237;19 18 2 201
4778;237;19 18 3 201
4779;237;19 18 4 201
4780;172;19 18 1 201
4781;172;19 18 2 201
4782;172;19 18 3 201
4783;172;19 18 4 201
4784;172;19 18 1 201
4785;172;19 18 2 201
4786;237;19 18 3 201
4787;237;19 18 4 201
4788;0;19 19 1 201
4789;0;19 19 2 201
4790;0;19 19 3 201
4791;0;19 19 4 201
4792;0;19 19 1 201
4793;0;19 19 2 201
4794;0;19 19 3 201
4795;0;19 19 4 201
4796;0;19 19 1 201
4797;0;19 19 2 201
4798;0;19 19 3 201
4799;0;19 19 4 201
